-- phpMyAdmin SQL Dump
-- version 4.5.2
-- http://www.phpmyadmin.net
--
-- Host: localhost:3306
-- Generation Time: Dec 27, 2016 at 09:23 AM
-- Server version: 10.1.9-MariaDB-log
-- PHP Version: 5.6.16

SET SQL_MODE = "NO_AUTO_VALUE_ON_ZERO";
SET time_zone = "+00:00";


/*!40101 SET @OLD_CHARACTER_SET_CLIENT=@@CHARACTER_SET_CLIENT */;
/*!40101 SET @OLD_CHARACTER_SET_RESULTS=@@CHARACTER_SET_RESULTS */;
/*!40101 SET @OLD_COLLATION_CONNECTION=@@COLLATION_CONNECTION */;
/*!40101 SET NAMES utf8mb4 */;

--
-- Database: `app`
--

-- --------------------------------------------------------

--
-- Table structure for table `cards`
--

CREATE TABLE `cards` (
  `id` int(10) UNSIGNED NOT NULL,
  `card_type_id` int(10) UNSIGNED NOT NULL,
  `collection_id` int(10) UNSIGNED DEFAULT NULL,
  `card_number` int(11) NOT NULL,
  `created_at` timestamp NULL DEFAULT NULL,
  `updated_at` timestamp NULL DEFAULT NULL
) ENGINE=InnoDB DEFAULT CHARSET=utf8 COLLATE=utf8_unicode_ci;

--
-- Dumping data for table `cards`
--

INSERT INTO `cards` (`id`, `card_type_id`, `collection_id`, `card_number`, `created_at`, `updated_at`) VALUES
(1, 5, 2, 29, '2016-12-21 18:05:47', '2016-12-21 18:05:47'),
(2, 5, 3, 30, '2016-12-21 18:05:47', '2016-12-21 18:05:47'),
(3, 5, 4, 31, '2016-12-21 18:05:47', '2016-12-21 18:05:47'),
(4, 5, 6, 32, '2016-12-21 18:05:47', '2016-12-21 18:05:47'),
(5, 5, 9, 33, '2016-12-21 18:05:47', '2016-12-21 18:05:47'),
(6, 5, 25, 34, '2016-12-21 18:05:47', '2016-12-21 18:05:47'),
(7, 5, 29, 35, '2016-12-21 18:05:47', '2016-12-21 18:05:47'),
(8, 5, 35, 36, '2016-12-21 18:05:47', '2016-12-21 18:05:47'),
(9, 5, 60, 37, '2016-12-21 18:05:47', '2016-12-21 18:05:47'),
(10, 5, 61, 38, '2016-12-21 18:05:47', '2016-12-21 18:05:47'),
(11, 5, 61, 39, '2016-12-21 18:05:47', '2016-12-21 18:05:47'),
(12, 5, 61, 40, '2016-12-21 18:05:47', '2016-12-21 18:05:47'),
(13, 6, NULL, 1, '2015-10-16 17:05:47', '2015-10-16 17:05:47'),
(14, 7, 2, 1, '2015-07-10 17:05:47', '2015-07-10 17:05:47'),
(15, 1, NULL, 1, '2015-05-11 17:05:47', '2015-05-11 17:05:47'),
(16, 2, 24, 1, '2016-03-19 17:05:47', '2016-03-19 17:05:47'),
(17, 3, 30, 1, '2016-10-04 17:05:47', '2016-10-04 17:05:47'),
(18, 4, 25, 1, '2016-10-17 17:05:47', '2016-10-17 17:05:47'),
(19, 5, 38, 1, '2016-08-31 17:05:47', '2016-08-31 17:05:47'),
(20, 6, NULL, 2, '2015-12-11 18:05:47', '2015-12-11 18:05:47'),
(21, 7, 64, 2, '2016-02-10 18:05:47', '2016-02-10 18:05:47'),
(22, 1, NULL, 2, '2015-11-11 18:05:47', '2015-11-11 18:05:47'),
(23, 2, 68, 2, '2016-03-03 18:05:47', '2016-03-03 18:05:47'),
(24, 3, 48, 2, '2016-02-10 18:05:47', '2016-02-10 18:05:47'),
(25, 4, 17, 2, '2015-11-21 18:05:47', '2015-11-21 18:05:47'),
(26, 5, 63, 2, '2015-09-30 17:05:47', '2015-09-30 17:05:47'),
(27, 6, NULL, 3, '2015-12-20 18:05:47', '2015-12-20 18:05:47'),
(28, 7, 56, 3, '2016-03-14 17:05:47', '2016-03-14 17:05:47'),
(29, 1, NULL, 3, '2016-09-18 17:05:47', '2016-09-18 17:05:47'),
(30, 2, 17, 3, '2016-06-18 17:05:47', '2016-06-18 17:05:47'),
(31, 3, 58, 3, '2016-05-02 17:05:47', '2016-05-02 17:05:47'),
(32, 4, 44, 3, '2016-08-07 17:05:47', '2016-08-07 17:05:47'),
(33, 5, 51, 3, '2015-10-02 17:05:47', '2015-10-02 17:05:47'),
(34, 6, NULL, 4, '2016-06-07 17:05:47', '2016-06-07 17:05:47'),
(35, 7, 41, 4, '2016-07-25 17:05:47', '2016-07-25 17:05:47'),
(36, 1, NULL, 4, '2016-08-19 17:05:47', '2016-08-19 17:05:47'),
(37, 2, 13, 4, '2016-11-01 17:05:47', '2016-11-01 17:05:47'),
(38, 3, 9, 4, '2016-10-08 17:05:47', '2016-10-08 17:05:47'),
(39, 4, 3, 4, '2016-03-19 17:05:47', '2016-03-19 17:05:47'),
(40, 5, 57, 4, '2016-11-01 17:05:47', '2016-11-01 17:05:47'),
(41, 6, NULL, 5, '2015-06-10 17:05:47', '2015-06-10 17:05:47'),
(42, 7, 48, 5, '2015-07-05 17:05:47', '2015-07-05 17:05:47'),
(43, 1, NULL, 5, '2016-10-19 17:05:47', '2016-10-19 17:05:47'),
(44, 2, 25, 5, '2016-03-18 17:05:47', '2016-03-18 17:05:47'),
(45, 3, 26, 5, '2015-12-05 18:05:47', '2015-12-05 18:05:47'),
(46, 4, 35, 5, '2016-02-10 18:05:47', '2016-02-10 18:05:47'),
(47, 5, 30, 5, '2016-09-11 17:05:47', '2016-09-11 17:05:47'),
(48, 6, NULL, 6, '2016-11-01 17:05:47', '2016-11-01 17:05:47'),
(49, 7, 70, 6, '2015-06-11 17:05:47', '2015-06-11 17:05:47'),
(50, 1, NULL, 6, '2015-12-06 18:05:47', '2015-12-06 18:05:47'),
(51, 2, 53, 6, '2015-12-22 18:05:47', '2015-12-22 18:05:47'),
(52, 3, 59, 6, '2016-06-02 17:05:47', '2016-06-02 17:05:47'),
(53, 4, 38, 6, '2016-11-10 18:05:47', '2016-11-10 18:05:47'),
(54, 5, 26, 6, '2015-06-24 17:05:47', '2015-06-24 17:05:47'),
(55, 6, NULL, 7, '2015-06-10 17:05:47', '2015-06-10 17:05:47'),
(56, 7, 66, 7, '2016-04-25 17:05:47', '2016-04-25 17:05:47'),
(57, 1, NULL, 7, '2016-11-06 18:05:47', '2016-11-06 18:05:47'),
(58, 2, 65, 7, '2016-09-09 17:05:47', '2016-09-09 17:05:47'),
(59, 3, 22, 7, '2016-10-05 17:05:47', '2016-10-05 17:05:47'),
(60, 4, 14, 7, '2016-07-23 17:05:47', '2016-07-23 17:05:47'),
(61, 5, 64, 7, '2015-10-21 17:05:47', '2015-10-21 17:05:47'),
(62, 6, NULL, 8, '2016-09-26 17:05:47', '2016-09-26 17:05:47'),
(63, 7, 29, 8, '2015-08-13 17:05:47', '2015-08-13 17:05:47'),
(64, 1, NULL, 8, '2016-08-17 17:05:47', '2016-08-17 17:05:47'),
(65, 2, 63, 8, '2016-06-16 17:05:47', '2016-06-16 17:05:47'),
(66, 3, 5, 8, '2016-04-14 17:05:47', '2016-04-14 17:05:47'),
(67, 4, 1, 8, '2015-10-10 17:05:47', '2015-10-10 17:05:47'),
(68, 5, 58, 8, '2016-03-08 18:05:47', '2016-03-08 18:05:47'),
(69, 6, NULL, 9, '2015-07-21 17:05:47', '2015-07-21 17:05:47'),
(70, 7, 57, 9, '2016-07-28 17:05:47', '2016-07-28 17:05:47'),
(71, 1, NULL, 9, '2016-06-12 17:05:47', '2016-06-12 17:05:47'),
(72, 2, 15, 9, '2015-11-06 18:05:47', '2015-11-06 18:05:47'),
(73, 3, 63, 9, '2016-10-15 17:05:47', '2016-10-15 17:05:47'),
(74, 4, 70, 9, '2015-11-21 18:05:47', '2015-11-21 18:05:47'),
(75, 5, 29, 9, '2015-12-15 18:05:47', '2015-12-15 18:05:47'),
(76, 6, NULL, 10, '2015-09-24 17:05:47', '2015-09-24 17:05:47'),
(77, 7, 4, 10, '2016-09-03 17:05:47', '2016-09-03 17:05:47'),
(78, 1, NULL, 10, '2016-09-01 17:05:47', '2016-09-01 17:05:47'),
(79, 2, 62, 10, '2016-03-28 17:05:47', '2016-03-28 17:05:47'),
(80, 3, 6, 10, '2015-12-17 18:05:47', '2015-12-17 18:05:47'),
(81, 4, 48, 10, '2015-10-30 17:05:47', '2015-10-30 17:05:47'),
(82, 5, 31, 10, '2016-11-26 18:05:47', '2016-11-26 18:05:47'),
(83, 6, NULL, 11, '2015-05-16 17:05:47', '2015-05-16 17:05:47'),
(84, 7, 38, 11, '2015-11-13 18:05:47', '2015-11-13 18:05:47'),
(85, 1, NULL, 11, '2016-10-29 17:05:47', '2016-10-29 17:05:47'),
(86, 2, 32, 11, '2016-07-22 17:05:47', '2016-07-22 17:05:47'),
(87, 3, 28, 11, '2015-08-06 17:05:47', '2015-08-06 17:05:47'),
(88, 4, 8, 11, '2015-05-03 17:05:47', '2015-05-03 17:05:47'),
(89, 5, 13, 11, '2016-09-24 17:05:47', '2016-09-24 17:05:47'),
(90, 6, NULL, 12, '2016-09-06 17:05:47', '2016-09-06 17:05:47'),
(91, 7, 14, 12, '2016-07-25 17:05:47', '2016-07-25 17:05:47'),
(92, 1, NULL, 12, '2015-08-24 17:05:47', '2015-08-24 17:05:47'),
(93, 2, 67, 12, '2016-07-18 17:05:47', '2016-07-18 17:05:47'),
(94, 3, 8, 12, '2016-09-03 17:05:47', '2016-09-03 17:05:47'),
(95, 4, 58, 12, '2016-08-13 17:05:47', '2016-08-13 17:05:47'),
(96, 5, 31, 12, '2015-08-02 17:05:47', '2015-08-02 17:05:47'),
(97, 6, NULL, 13, '2016-02-15 18:05:47', '2016-02-15 18:05:47'),
(98, 7, 28, 13, '2015-06-06 17:05:47', '2015-06-06 17:05:47'),
(99, 1, NULL, 13, '2015-12-09 18:05:47', '2015-12-09 18:05:47'),
(100, 2, 64, 13, '2016-10-07 17:05:47', '2016-10-07 17:05:47');

-- --------------------------------------------------------

--
-- Table structure for table `card_associations`
--

CREATE TABLE `card_associations` (
  `id` int(10) UNSIGNED NOT NULL,
  `card_id` int(10) UNSIGNED NOT NULL,
  `card_attribute_id` int(10) UNSIGNED NOT NULL,
  `value` text COLLATE utf8_unicode_ci,
  `created_at` timestamp NULL DEFAULT NULL,
  `updated_at` timestamp NULL DEFAULT NULL
) ENGINE=InnoDB DEFAULT CHARSET=utf8 COLLATE=utf8_unicode_ci;

--
-- Dumping data for table `card_associations`
--

INSERT INTO `card_associations` (`id`, `card_id`, `card_attribute_id`, `value`, `created_at`, `updated_at`) VALUES
(1, 1, 1, 'Cathérine', '2016-12-21 18:05:00', '2016-12-21 18:05:00'),
(2, 1, 2, 'N° 30', '2016-12-21 18:05:00', '2016-12-21 18:05:00'),
(3, 1, 3, 'Reportage', '2016-12-21 18:05:00', '2016-12-21 18:05:00'),
(4, 1, 4, '1935, 1982', '2016-12-21 18:05:00', '2016-12-21 18:05:00'),
(5, 1, 5, '83 MM', '2016-12-21 18:05:00', '2016-12-21 18:05:00'),
(6, 1, 6, 'Aucune description', '2016-12-21 18:05:00', '2016-12-21 18:05:00'),
(7, 1, 11, '', '2016-12-21 18:05:00', '2016-12-21 18:05:00'),
(8, 1, 22, 'Documentaire, Publicité', '2016-12-21 18:05:00', '2016-12-21 18:05:00'),
(9, 2, 6, 'Aucune description', '2016-12-21 18:05:00', '2016-12-21 18:05:00'),
(10, 2, 7, 'Documentaire', '2016-12-21 18:05:00', '2016-12-21 18:05:00'),
(11, 2, 8, 'L, Aucune reproduction', '2016-12-21 18:05:00', '2016-12-21 18:05:00'),
(12, 2, 9, ' 00 : 23 MINUTES - MODULE INTITULE ORNITHO', '2016-12-21 18:05:00', '2016-12-21 18:05:00'),
(13, 2, 10, 'OUI', '2016-12-21 18:05:00', '2016-12-21 18:05:00'),
(14, 2, 12, '2016, 17, Juillet', '2016-12-21 18:05:00', '2016-12-21 18:05:00'),
(15, 2, 13, '39 minutes', '2016-12-21 18:05:00', '2016-12-21 18:05:00'),
(16, 2, 14, 'Neuf', '2016-12-21 18:05:00', '2016-12-21 18:05:00'),
(17, 2, 15, 'TV', '2016-12-21 18:05:00', '2016-12-21 18:05:00'),
(18, 2, 16, '10', '2016-12-21 18:05:00', '2016-12-21 18:05:00'),
(19, 2, 17, 'Aucune note', '2016-12-21 18:05:00', '2016-12-21 18:05:00'),
(20, 2, 18, 'Collectionneurs passionnés de l''estrie', '2016-12-21 18:05:00', '2016-12-21 18:05:00'),
(21, 2, 19, 'OUI', '2016-12-21 18:05:00', '2016-12-21 18:05:00'),
(22, 2, 20, 'NON', '2016-12-21 18:05:00', '2016-12-21 18:05:00'),
(23, 2, 21, 'Publicité', '2016-12-21 18:05:00', '2016-12-21 18:05:00'),
(24, 2, 22, 'Education, Production personnelle', '2016-12-21 18:05:00', '2016-12-21 18:05:00'),
(25, 2, 23, 'Le Caire', '2016-12-21 18:05:00', '2016-12-21 18:05:00'),
(26, 2, 24, 'Antony', '2016-12-21 18:05:00', '2016-12-21 18:05:00'),
(27, 3, 1, 'Clara', '2016-12-21 18:05:00', '2016-12-21 18:05:00'),
(28, 3, 6, 'Aucune description', '2016-12-21 18:05:00', '2016-12-21 18:05:00'),
(29, 3, 22, 'Actualité, Documentaire', '2016-12-21 18:05:00', '2016-12-21 18:05:00'),
(30, 3, 25, '1968', '2016-12-21 18:05:00', '2016-12-21 18:05:00'),
(31, 3, 26, 'IP13', '2016-12-21 18:05:00', '2016-12-21 18:05:00'),
(32, 3, 27, 'Brasilia', '2016-12-21 18:05:00', '2016-12-21 18:05:00'),
(33, 3, 28, '', '2016-12-21 18:05:00', '2016-12-21 18:05:00'),
(34, 3, 29, 'Malic, Alex', '2016-12-21 18:05:00', '2016-12-21 18:05:00'),
(35, 3, 31, 'Théatre du sang neuf', '2016-12-21 18:05:00', '2016-12-21 18:05:00'),
(36, 4, 1, 'Victor', '2016-12-21 18:05:00', '2016-12-21 18:05:00'),
(37, 4, 4, '1933, 1971', '2016-12-21 18:05:00', '2016-12-21 18:05:00'),
(38, 4, 15, 'TV', '2016-12-21 18:05:00', '2016-12-21 18:05:00'),
(39, 4, 26, 'IP13', '2016-12-21 18:05:00', '2016-12-21 18:05:00'),
(40, 4, 28, '', '2016-12-21 18:05:00', '2016-12-21 18:05:00'),
(41, 4, 29, 'Charles, Alex', '2016-12-21 18:05:00', '2016-12-21 18:05:00'),
(42, 4, 30, 'Nos petites joies', '2016-12-21 18:05:00', '2016-12-21 18:05:00'),
(43, 4, 32, 'Washington', '2016-12-21 18:05:00', '2016-12-21 18:05:00'),
(44, 4, 33, '7', '2016-12-21 18:05:00', '2016-12-21 18:05:00'),
(45, 4, 34, '27 CM = 588 M', '2016-12-21 18:05:00', '2016-12-21 18:05:00'),
(46, 4, 35, '30 CM * 6 CM', '2016-12-21 18:05:00', '2016-12-21 18:05:00'),
(47, 5, 6, 'Aucune description', '2016-12-21 18:05:00', '2016-12-21 18:05:00'),
(48, 5, 8, 'L, Aucune reproduction', '2016-12-21 18:05:00', '2016-12-21 18:05:00'),
(49, 5, 10, 'NON', '2016-12-21 18:05:00', '2016-12-21 18:05:00'),
(50, 5, 11, '', '2016-12-21 18:05:00', '2016-12-21 18:05:00'),
(51, 5, 15, 'TV', '2016-12-21 18:05:00', '2016-12-21 18:05:00'),
(52, 5, 16, '46', '2016-12-21 18:05:00', '2016-12-21 18:05:00'),
(53, 5, 21, 'Culture', '2016-12-21 18:05:00', '2016-12-21 18:05:00'),
(54, 5, 24, 'Paul', '2016-12-21 18:05:00', '2016-12-21 18:05:00'),
(55, 5, 36, '1935', '2016-12-21 18:05:00', '2016-12-21 18:05:00'),
(56, 5, 45, '2', '2016-12-21 18:05:00', '2016-12-21 18:05:00'),
(57, 6, 15, 'TV', '2016-12-21 18:05:00', '2016-12-21 18:05:00'),
(58, 6, 22, 'Culture, Education', '2016-12-21 18:05:00', '2016-12-21 18:05:00'),
(59, 6, 30, 'Les joies de la télévision', '2016-12-21 18:05:00', '2016-12-21 18:05:00'),
(60, 6, 37, 'Vol. 3N° 2', '2016-12-21 18:05:00', '2016-12-21 18:05:00'),
(61, 6, 38, 'Titre: Un art de vivreP1: Nos petites joiesP2: Un art de vivre', '2016-12-21 18:05:00', '2016-12-21 18:05:00'),
(62, 6, 39, 'CamilleRollan', '2016-12-21 18:05:00', '2016-12-21 18:05:00'),
(63, 6, 40, '8642 - 3221', '2016-12-21 18:05:00', '2016-12-21 18:05:00'),
(64, 7, 9, ' 00 : 23 MINUTES - MODULE INTITULE ORNITHO', '2016-12-21 18:05:00', '2016-12-21 18:05:00'),
(65, 7, 10, 'OUI', '2016-12-21 18:05:00', '2016-12-21 18:05:00'),
(66, 7, 12, '2016, 10, Février', '2016-12-21 18:05:00', '2016-12-21 18:05:00'),
(67, 7, 13, '20 minutes', '2016-12-21 18:05:00', '2016-12-21 18:05:00'),
(68, 7, 14, 'L''image saute', '2016-12-21 18:05:00', '2016-12-21 18:05:00'),
(69, 7, 15, 'TV', '2016-12-21 18:05:00', '2016-12-21 18:05:00'),
(70, 7, 16, '98', '2016-12-21 18:05:00', '2016-12-21 18:05:00'),
(71, 7, 17, 'Aucune note', '2016-12-21 18:05:00', '2016-12-21 18:05:00'),
(72, 7, 18, 'CamilleRollan', '2016-12-21 18:05:00', '2016-12-21 18:05:00'),
(73, 7, 19, 'OUI', '2016-12-21 18:05:00', '2016-12-21 18:05:00'),
(74, 7, 21, 'Culture', '2016-12-21 18:05:00', '2016-12-21 18:05:00'),
(75, 7, 41, 'Collectionneurs passionnés de l''estrie', '2016-12-21 18:05:00', '2016-12-21 18:05:00'),
(76, 7, 42, 'Variétés', '2016-12-21 18:05:00', '2016-12-21 18:05:00'),
(77, 7, 43, 'JohnBob', '2016-12-21 18:05:00', '2016-12-21 18:05:00'),
(78, 7, 44, '30 - 1489', '2016-12-21 18:05:00', '2016-12-21 18:05:00'),
(79, 8, 1, 'Camille', '2016-12-21 18:05:00', '2016-12-21 18:05:00'),
(80, 8, 2, 'N° 16', '2016-12-21 18:05:00', '2016-12-21 18:05:00'),
(81, 8, 3, 'Conférence', '2016-12-21 18:05:00', '2016-12-21 18:05:00'),
(82, 8, 4, '1933, 1999', '2016-12-21 18:05:00', '2016-12-21 18:05:00'),
(83, 8, 5, '159 MM', '2016-12-21 18:05:00', '2016-12-21 18:05:00'),
(84, 8, 6, 'Aucune description', '2016-12-21 18:05:00', '2016-12-21 18:05:00'),
(85, 8, 11, '', '2016-12-21 18:05:00', '2016-12-21 18:05:00'),
(86, 8, 22, 'Education, Culture', '2016-12-21 18:05:00', '2016-12-21 18:05:00'),
(87, 9, 6, 'Aucune description', '2016-12-21 18:05:00', '2016-12-21 18:05:00'),
(88, 9, 7, 'Actualité', '2016-12-21 18:05:00', '2016-12-21 18:05:00'),
(89, 9, 8, 'L, Aucune reproduction', '2016-12-21 18:05:00', '2016-12-21 18:05:00'),
(90, 9, 9, '00 : 00 MINUTE MODULE INTITULE ENTOMO', '2016-12-21 18:05:00', '2016-12-21 18:05:00'),
(91, 9, 10, 'OUI', '2016-12-21 18:05:00', '2016-12-21 18:05:00'),
(92, 9, 12, '2016, 20, Octobre', '2016-12-21 18:05:00', '2016-12-21 18:05:00'),
(93, 9, 13, '53 minutes', '2016-12-21 18:05:00', '2016-12-21 18:05:00'),
(94, 9, 14, 'Neuf', '2016-12-21 18:05:00', '2016-12-21 18:05:00'),
(95, 9, 15, 'TV', '2016-12-21 18:05:00', '2016-12-21 18:05:00'),
(96, 9, 16, '100', '2016-12-21 18:05:00', '2016-12-21 18:05:00'),
(97, 9, 17, 'Aucune note', '2016-12-21 18:05:00', '2016-12-21 18:05:00'),
(98, 9, 18, 'Conseil du developpement du loisir scientifique', '2016-12-21 18:05:00', '2016-12-21 18:05:00'),
(99, 9, 19, 'OUI', '2016-12-21 18:05:00', '2016-12-21 18:05:00'),
(100, 9, 20, 'OUI', '2016-12-21 18:05:00', '2016-12-21 18:05:00'),
(101, 9, 21, 'Actualité', '2016-12-21 18:05:00', '2016-12-21 18:05:00'),
(102, 9, 22, 'Publicité, Actualité', '2016-12-21 18:05:00', '2016-12-21 18:05:00'),
(103, 9, 23, 'Montréal', '2016-12-21 18:05:00', '2016-12-21 18:05:00'),
(104, 9, 24, 'Isaac', '2016-12-21 18:05:00', '2016-12-21 18:05:00'),
(105, 10, 1, 'Malik', '2016-12-21 18:05:00', '2016-12-21 18:05:00'),
(106, 10, 6, 'Aucune description', '2016-12-21 18:05:00', '2016-12-21 18:05:00'),
(107, 10, 22, 'Publicité, Actualité', '2016-12-21 18:05:00', '2016-12-21 18:05:00'),
(108, 10, 25, '1968', '2016-12-21 18:05:00', '2016-12-21 18:05:00'),
(109, 10, 26, 'IP13', '2016-12-21 18:05:00', '2016-12-21 18:05:00'),
(110, 10, 27, 'Washington', '2016-12-21 18:05:00', '2016-12-21 18:05:00'),
(111, 10, 28, '', '2016-12-21 18:05:00', '2016-12-21 18:05:00'),
(112, 10, 29, 'Patrick, Olivier', '2016-12-21 18:05:00', '2016-12-21 18:05:00'),
(113, 10, 31, 'Conseil du developpement du loisir scientifique', '2016-12-21 18:05:00', '2016-12-21 18:05:00'),
(114, 11, 1, 'Rene', '2016-12-21 18:05:00', '2016-12-21 18:05:00'),
(115, 11, 4, '1932, 1977', '2016-12-21 18:05:00', '2016-12-21 18:05:00'),
(116, 11, 15, 'TV', '2016-12-21 18:05:00', '2016-12-21 18:05:00'),
(117, 11, 26, 'IP13', '2016-12-21 18:05:00', '2016-12-21 18:05:00'),
(118, 11, 28, '', '2016-12-21 18:05:00', '2016-12-21 18:05:00'),
(119, 11, 29, 'Aurélie, Juliette', '2016-12-21 18:05:00', '2016-12-21 18:05:00'),
(120, 11, 30, 'Nos idoles', '2016-12-21 18:05:00', '2016-12-21 18:05:00'),
(121, 11, 32, 'Le Caire', '2016-12-21 18:05:00', '2016-12-21 18:05:00'),
(122, 11, 33, '6', '2016-12-21 18:05:00', '2016-12-21 18:05:00'),
(123, 11, 34, '11 CM = 107 M', '2016-12-21 18:05:00', '2016-12-21 18:05:00'),
(124, 11, 35, '28 CM * 15 CM', '2016-12-21 18:05:00', '2016-12-21 18:05:00'),
(125, 12, 6, 'Aucune description', '2016-12-21 18:05:00', '2016-12-21 18:05:00'),
(126, 12, 8, 'L, Aucune reproduction', '2016-12-21 18:05:00', '2016-12-21 18:05:00'),
(127, 12, 10, 'OUI', '2016-12-21 18:05:00', '2016-12-21 18:05:00'),
(128, 12, 11, '', '2016-12-21 18:05:00', '2016-12-21 18:05:00'),
(129, 12, 15, 'TV', '2016-12-21 18:05:00', '2016-12-21 18:05:00'),
(130, 12, 16, '81', '2016-12-21 18:05:00', '2016-12-21 18:05:00'),
(131, 12, 21, 'Culture', '2016-12-21 18:05:00', '2016-12-21 18:05:00'),
(132, 12, 24, 'Michael', '2016-12-21 18:05:00', '2016-12-21 18:05:00'),
(133, 12, 36, '1982', '2016-12-21 18:05:00', '2016-12-21 18:05:00'),
(134, 12, 45, '253', '2016-12-21 18:05:00', '2016-12-21 18:05:00'),
(135, 13, 15, 'TV', '2016-12-21 18:05:00', '2016-12-21 18:05:00'),
(136, 13, 22, 'Production personnelle, Documentaire', '2016-12-21 18:05:00', '2016-12-21 18:05:00'),
(137, 13, 30, 'Les joies de la télévision', '2016-12-21 18:05:00', '2016-12-21 18:05:00'),
(138, 13, 37, 'Vol. 2N° 16', '2016-12-21 18:05:00', '2016-12-21 18:05:00'),
(139, 13, 38, 'Titre: Un art de vivreP1: Nos idolesP2: Les joies de la télévision', '2016-12-21 18:05:00', '2016-12-21 18:05:00'),
(140, 13, 39, 'Théatre du thé des bois', '2016-12-21 18:05:00', '2016-12-21 18:05:00'),
(141, 13, 40, '3126 - 6939', '2016-12-21 18:05:00', '2016-12-21 18:05:00'),
(142, 14, 9, ' 00 : 33 MINUTES - MODULE INTITULE SPELEO', '2016-12-21 18:05:00', '2016-12-21 18:05:00'),
(143, 14, 10, 'OUI', '2016-12-21 18:05:00', '2016-12-21 18:05:00'),
(144, 14, 12, '2016, 10, Mais', '2016-12-21 18:05:00', '2016-12-21 18:05:00'),
(145, 14, 13, '40 minutes', '2016-12-21 18:05:00', '2016-12-21 18:05:00'),
(146, 14, 14, 'Bon', '2016-12-21 18:05:00', '2016-12-21 18:05:00'),
(147, 14, 15, 'TV', '2016-12-21 18:05:00', '2016-12-21 18:05:00'),
(148, 14, 16, '64', '2016-12-21 18:05:00', '2016-12-21 18:05:00'),
(149, 14, 17, 'Aucune note', '2016-12-21 18:05:00', '2016-12-21 18:05:00'),
(150, 14, 18, 'Théatre du thé des bois', '2016-12-21 18:05:00', '2016-12-21 18:05:00'),
(151, 14, 19, 'OUI', '2016-12-21 18:05:00', '2016-12-21 18:05:00'),
(152, 14, 21, 'Education', '2016-12-21 18:05:00', '2016-12-21 18:05:00'),
(153, 14, 41, 'Conseil du developpement du loisir scientifique', '2016-12-21 18:05:00', '2016-12-21 18:05:00'),
(154, 14, 42, 'Variétés', '2016-12-21 18:05:00', '2016-12-21 18:05:00'),
(155, 14, 43, 'ReneRollan', '2016-12-21 18:05:00', '2016-12-21 18:05:00'),
(156, 14, 44, '36 - 1252', '2016-12-21 18:05:00', '2016-12-21 18:05:00'),
(157, 15, 1, 'Cathérine', '2016-12-21 18:05:00', '2016-12-21 18:05:00'),
(158, 15, 2, 'N° 13', '2016-12-21 18:05:00', '2016-12-21 18:05:00'),
(159, 15, 3, 'Journal', '2016-12-21 18:05:00', '2016-12-21 18:05:00'),
(160, 15, 4, '1931, 1962', '2016-12-21 18:05:00', '2016-12-21 18:05:00'),
(161, 15, 5, '183 MM', '2016-12-21 18:05:00', '2016-12-21 18:05:00'),
(162, 15, 6, 'Aucune description', '2016-12-21 18:05:00', '2016-12-21 18:05:00'),
(163, 15, 11, '', '2016-12-21 18:05:00', '2016-12-21 18:05:00'),
(164, 15, 22, 'Culture, Publicité', '2016-12-21 18:05:00', '2016-12-21 18:05:00'),
(165, 16, 6, 'Aucune description', '2016-12-21 18:05:00', '2016-12-21 18:05:00'),
(166, 16, 7, 'Actualité', '2016-12-21 18:05:00', '2016-12-21 18:05:00'),
(167, 16, 8, 'L, Aucune reproduction', '2016-12-21 18:05:00', '2016-12-21 18:05:00'),
(168, 16, 9, ' 00 : 23 MINUTES - MODULE INTITULE ORNITHO', '2016-12-21 18:05:00', '2016-12-21 18:05:00'),
(169, 16, 10, 'NON', '2016-12-21 18:05:00', '2016-12-21 18:05:00'),
(170, 16, 12, '2016, 25, Avril', '2016-12-21 18:05:00', '2016-12-21 18:05:00'),
(171, 16, 13, '10 minutes', '2016-12-21 18:05:00', '2016-12-21 18:05:00'),
(172, 16, 14, 'Endommagé', '2016-12-21 18:05:00', '2016-12-21 18:05:00'),
(173, 16, 15, 'TV', '2016-12-21 18:05:00', '2016-12-21 18:05:00'),
(174, 16, 16, '81', '2016-12-21 18:05:00', '2016-12-21 18:05:00'),
(175, 16, 17, 'Aucune note', '2016-12-21 18:05:00', '2016-12-21 18:05:00'),
(176, 16, 18, 'Conseil du developpement du loisir scientifique', '2016-12-21 18:05:00', '2016-12-21 18:05:00'),
(177, 16, 19, 'OUI', '2016-12-21 18:05:00', '2016-12-21 18:05:00'),
(178, 16, 20, 'OUI', '2016-12-21 18:05:00', '2016-12-21 18:05:00'),
(179, 16, 21, 'Actualité', '2016-12-21 18:05:00', '2016-12-21 18:05:00'),
(180, 16, 22, 'Documentaire, Education', '2016-12-21 18:05:00', '2016-12-21 18:05:00'),
(181, 16, 23, 'Sherbrooke', '2016-12-21 18:05:00', '2016-12-21 18:05:00'),
(182, 16, 24, 'Bertran', '2016-12-21 18:05:00', '2016-12-21 18:05:00'),
(183, 17, 1, 'Chloé', '2016-12-21 18:05:00', '2016-12-21 18:05:00'),
(184, 17, 6, 'Aucune description', '2016-12-21 18:05:00', '2016-12-21 18:05:00'),
(185, 17, 22, 'Documentaire, Culture', '2016-12-21 18:05:00', '2016-12-21 18:05:00'),
(186, 17, 25, '1989', '2016-12-21 18:05:00', '2016-12-21 18:05:00'),
(187, 17, 26, 'IP13', '2016-12-21 18:05:00', '2016-12-21 18:05:00'),
(188, 17, 27, 'Brasilia', '2016-12-21 18:05:00', '2016-12-21 18:05:00'),
(189, 17, 28, '', '2016-12-21 18:05:00', '2016-12-21 18:05:00'),
(190, 17, 29, 'Michael, Clara', '2016-12-21 18:05:00', '2016-12-21 18:05:00'),
(191, 17, 31, 'Collectionneurs passionnés de l''estrie', '2016-12-21 18:05:00', '2016-12-21 18:05:00'),
(192, 18, 1, 'Edouard', '2016-12-21 18:05:00', '2016-12-21 18:05:00'),
(193, 18, 4, '1930, 1962', '2016-12-21 18:05:00', '2016-12-21 18:05:00'),
(194, 18, 15, 'TV', '2016-12-21 18:05:00', '2016-12-21 18:05:00'),
(195, 18, 26, 'IP13', '2016-12-21 18:05:00', '2016-12-21 18:05:00'),
(196, 18, 28, '', '2016-12-21 18:05:00', '2016-12-21 18:05:00'),
(197, 18, 29, 'Patrick, Antoine', '2016-12-21 18:05:00', '2016-12-21 18:05:00'),
(198, 18, 30, 'Un art de vivre', '2016-12-21 18:05:00', '2016-12-21 18:05:00'),
(199, 18, 32, 'Dakar', '2016-12-21 18:05:00', '2016-12-21 18:05:00'),
(200, 18, 33, '6', '2016-12-21 18:05:00', '2016-12-21 18:05:00'),
(201, 18, 34, '29 CM = 463 M', '2016-12-21 18:05:00', '2016-12-21 18:05:00'),
(202, 18, 35, '56 CM * 44 CM', '2016-12-21 18:05:00', '2016-12-21 18:05:00'),
(203, 19, 6, 'Aucune description', '2016-12-21 18:05:00', '2016-12-21 18:05:00'),
(204, 19, 8, 'L, Aucune reproduction', '2016-12-21 18:05:00', '2016-12-21 18:05:00'),
(205, 19, 10, 'NON', '2016-12-21 18:05:00', '2016-12-21 18:05:00'),
(206, 19, 11, '', '2016-12-21 18:05:00', '2016-12-21 18:05:00'),
(207, 19, 15, 'TV', '2016-12-21 18:05:00', '2016-12-21 18:05:00'),
(208, 19, 16, '85', '2016-12-21 18:05:00', '2016-12-21 18:05:00'),
(209, 19, 21, 'Actualité', '2016-12-21 18:05:00', '2016-12-21 18:05:00'),
(210, 19, 24, 'Antoine', '2016-12-21 18:05:00', '2016-12-21 18:05:00'),
(211, 19, 36, '1973', '2016-12-21 18:05:00', '2016-12-21 18:05:00'),
(212, 19, 45, '5', '2016-12-21 18:05:00', '2016-12-21 18:05:00'),
(213, 20, 15, 'TV', '2016-12-21 18:05:00', '2016-12-21 18:05:00'),
(214, 20, 22, 'Education, Production personnelle', '2016-12-21 18:05:00', '2016-12-21 18:05:00'),
(215, 20, 30, 'Les joies de la télévision', '2016-12-21 18:05:00', '2016-12-21 18:05:00'),
(216, 20, 37, 'Vol. 4N° 1', '2016-12-21 18:05:00', '2016-12-21 18:05:00'),
(217, 20, 38, 'Titre: Nos idolesP1: Les joies de la télévisionP2: Nos idoles', '2016-12-21 18:05:00', '2016-12-21 18:05:00'),
(218, 20, 39, 'Théatre du thé des bois', '2016-12-21 18:05:00', '2016-12-21 18:05:00'),
(219, 20, 40, '4553 - 5603', '2016-12-21 18:05:00', '2016-12-21 18:05:00'),
(220, 21, 9, ' 00 : 23 MINUTES - MODULE INTITULE ORNITHO', '2016-12-21 18:05:00', '2016-12-21 18:05:00'),
(221, 21, 10, 'NON', '2016-12-21 18:05:00', '2016-12-21 18:05:00'),
(222, 21, 12, '2016, 13, Mars', '2016-12-21 18:05:00', '2016-12-21 18:05:00'),
(223, 21, 13, '16 minutes', '2016-12-21 18:05:00', '2016-12-21 18:05:00'),
(224, 21, 14, 'Bon', '2016-12-21 18:05:00', '2016-12-21 18:05:00'),
(225, 21, 15, 'TV', '2016-12-21 18:05:00', '2016-12-21 18:05:00'),
(226, 21, 16, '41', '2016-12-21 18:05:00', '2016-12-21 18:05:00'),
(227, 21, 17, 'Aucune note', '2016-12-21 18:05:00', '2016-12-21 18:05:00'),
(228, 21, 18, 'Collectionneurs passionnés de l''estrie', '2016-12-21 18:05:00', '2016-12-21 18:05:00'),
(229, 21, 19, 'NON', '2016-12-21 18:05:00', '2016-12-21 18:05:00'),
(230, 21, 21, 'Education', '2016-12-21 18:05:00', '2016-12-21 18:05:00'),
(231, 21, 41, 'Théatre du sang neuf', '2016-12-21 18:05:00', '2016-12-21 18:05:00'),
(232, 21, 42, 'Variétés', '2016-12-21 18:05:00', '2016-12-21 18:05:00'),
(233, 21, 43, 'FélixAmélia', '2016-12-21 18:05:00', '2016-12-21 18:05:00'),
(234, 21, 44, '02 - 1335', '2016-12-21 18:05:00', '2016-12-21 18:05:00'),
(235, 22, 1, 'Adam', '2016-12-21 18:05:00', '2016-12-21 18:05:00'),
(236, 22, 2, 'N° 4', '2016-12-21 18:05:00', '2016-12-21 18:05:00'),
(237, 22, 3, 'Magazine', '2016-12-21 18:05:00', '2016-12-21 18:05:00'),
(238, 22, 4, '1933, 1972', '2016-12-21 18:05:00', '2016-12-21 18:05:00'),
(239, 22, 5, '106 MM', '2016-12-21 18:05:00', '2016-12-21 18:05:00'),
(240, 22, 6, 'Aucune description', '2016-12-21 18:05:00', '2016-12-21 18:05:00'),
(241, 22, 11, '', '2016-12-21 18:05:00', '2016-12-21 18:05:00'),
(242, 22, 22, 'Education, Production personnelle', '2016-12-21 18:05:00', '2016-12-21 18:05:00'),
(243, 23, 6, 'Aucune description', '2016-12-21 18:05:00', '2016-12-21 18:05:00'),
(244, 23, 7, 'Education', '2016-12-21 18:05:00', '2016-12-21 18:05:00'),
(245, 23, 8, 'L, Aucune reproduction', '2016-12-21 18:05:00', '2016-12-21 18:05:00'),
(246, 23, 9, ' 00 : 33 MINUTES - MODULE INTITULE SPELEO', '2016-12-21 18:05:00', '2016-12-21 18:05:00'),
(247, 23, 10, 'NON', '2016-12-21 18:05:00', '2016-12-21 18:05:00'),
(248, 23, 12, '2016, 19, Avril', '2016-12-21 18:05:00', '2016-12-21 18:05:00'),
(249, 23, 13, '51 minutes', '2016-12-21 18:05:00', '2016-12-21 18:05:00'),
(250, 23, 14, 'Neuf', '2016-12-21 18:05:00', '2016-12-21 18:05:00'),
(251, 23, 15, 'TV', '2016-12-21 18:05:00', '2016-12-21 18:05:00'),
(252, 23, 16, '51', '2016-12-21 18:05:00', '2016-12-21 18:05:00'),
(253, 23, 17, 'Aucune note', '2016-12-21 18:05:00', '2016-12-21 18:05:00'),
(254, 23, 18, 'Collectionneurs passionnés de l''estrie', '2016-12-21 18:05:00', '2016-12-21 18:05:00'),
(255, 23, 19, 'OUI', '2016-12-21 18:05:00', '2016-12-21 18:05:00'),
(256, 23, 20, 'NON', '2016-12-21 18:05:00', '2016-12-21 18:05:00'),
(257, 23, 21, 'Actualité', '2016-12-21 18:05:00', '2016-12-21 18:05:00'),
(258, 23, 22, 'Actualité, Education', '2016-12-21 18:05:00', '2016-12-21 18:05:00'),
(259, 23, 23, 'Le Caire', '2016-12-21 18:05:00', '2016-12-21 18:05:00'),
(260, 23, 24, 'Alice', '2016-12-21 18:05:00', '2016-12-21 18:05:00'),
(261, 24, 1, 'Bob', '2016-12-21 18:05:00', '2016-12-21 18:05:00'),
(262, 24, 6, 'Aucune description', '2016-12-21 18:05:00', '2016-12-21 18:05:00'),
(263, 24, 22, 'Actualité, Actualité', '2016-12-21 18:05:00', '2016-12-21 18:05:00'),
(264, 24, 25, '1989', '2016-12-21 18:05:00', '2016-12-21 18:05:00'),
(265, 24, 26, 'IP13', '2016-12-21 18:05:00', '2016-12-21 18:05:00'),
(266, 24, 27, 'Le Caire', '2016-12-21 18:05:00', '2016-12-21 18:05:00'),
(267, 24, 28, '', '2016-12-21 18:05:00', '2016-12-21 18:05:00'),
(268, 24, 29, 'Edouard, Joël', '2016-12-21 18:05:00', '2016-12-21 18:05:00'),
(269, 24, 31, 'Conseil du developpement du loisir scientifique', '2016-12-21 18:05:00', '2016-12-21 18:05:00'),
(270, 25, 1, 'Simon', '2016-12-21 18:05:00', '2016-12-21 18:05:00'),
(271, 25, 4, '1939, 1980', '2016-12-21 18:05:00', '2016-12-21 18:05:00'),
(272, 25, 15, 'TV', '2016-12-21 18:05:00', '2016-12-21 18:05:00'),
(273, 25, 26, 'IP13', '2016-12-21 18:05:00', '2016-12-21 18:05:00'),
(274, 25, 28, '', '2016-12-21 18:05:00', '2016-12-21 18:05:00'),
(275, 25, 29, 'Malic, Paul', '2016-12-21 18:05:00', '2016-12-21 18:05:00'),
(276, 25, 30, 'Nos idoles', '2016-12-21 18:05:00', '2016-12-21 18:05:00'),
(277, 25, 32, 'Brasilia', '2016-12-21 18:05:00', '2016-12-21 18:05:00'),
(278, 25, 33, '4', '2016-12-21 18:05:00', '2016-12-21 18:05:00'),
(279, 25, 34, '21 CM = 263 M', '2016-12-21 18:05:00', '2016-12-21 18:05:00'),
(280, 25, 35, '16 CM * 21 CM', '2016-12-21 18:05:00', '2016-12-21 18:05:00'),
(281, 26, 6, 'Aucune description', '2016-12-21 18:05:00', '2016-12-21 18:05:00'),
(282, 26, 8, 'L, Aucune reproduction', '2016-12-21 18:05:00', '2016-12-21 18:05:00'),
(283, 26, 10, 'OUI', '2016-12-21 18:05:00', '2016-12-21 18:05:00'),
(284, 26, 11, '', '2016-12-21 18:05:00', '2016-12-21 18:05:00'),
(285, 26, 15, 'TV', '2016-12-21 18:05:00', '2016-12-21 18:05:00'),
(286, 26, 16, '53', '2016-12-21 18:05:00', '2016-12-21 18:05:00'),
(287, 26, 21, 'Actualité', '2016-12-21 18:05:00', '2016-12-21 18:05:00'),
(288, 26, 24, 'Julien', '2016-12-21 18:05:00', '2016-12-21 18:05:00'),
(289, 26, 36, '1994', '2016-12-21 18:05:00', '2016-12-21 18:05:00'),
(290, 26, 45, '240', '2016-12-21 18:05:00', '2016-12-21 18:05:00'),
(291, 27, 15, 'TV', '2016-12-21 18:05:00', '2016-12-21 18:05:00'),
(292, 27, 22, 'Culture, Production personnelle', '2016-12-21 18:05:00', '2016-12-21 18:05:00'),
(293, 27, 30, 'Les joies de la télévision', '2016-12-21 18:05:00', '2016-12-21 18:05:00'),
(294, 27, 37, 'Vol. 6N° 7', '2016-12-21 18:05:00', '2016-12-21 18:05:00'),
(295, 27, 38, 'Titre: Un art de vivreP1: Nos petites joiesP2: Les joies de la télévision', '2016-12-21 18:05:00', '2016-12-21 18:05:00'),
(296, 27, 39, 'CamilleRollan', '2016-12-21 18:05:00', '2016-12-21 18:05:00'),
(297, 27, 40, '8860 - 9607', '2016-12-21 18:05:00', '2016-12-21 18:05:00'),
(298, 28, 9, '00 : 00 MINUTE MODULE INTITULE ENTOMO', '2016-12-21 18:05:00', '2016-12-21 18:05:00'),
(299, 28, 10, 'NON', '2016-12-21 18:05:00', '2016-12-21 18:05:00'),
(300, 28, 12, '2016, 16, Mars', '2016-12-21 18:05:00', '2016-12-21 18:05:00'),
(301, 28, 13, '26 minutes', '2016-12-21 18:05:00', '2016-12-21 18:05:00'),
(302, 28, 14, 'L''image saute', '2016-12-21 18:05:00', '2016-12-21 18:05:00'),
(303, 28, 15, 'TV', '2016-12-21 18:05:00', '2016-12-21 18:05:00'),
(304, 28, 16, '42', '2016-12-21 18:05:00', '2016-12-21 18:05:00'),
(305, 28, 17, 'Aucune note', '2016-12-21 18:05:00', '2016-12-21 18:05:00'),
(306, 28, 18, 'Théatre du thé des bois', '2016-12-21 18:05:00', '2016-12-21 18:05:00'),
(307, 28, 19, 'OUI', '2016-12-21 18:05:00', '2016-12-21 18:05:00'),
(308, 28, 21, 'Production personnelle', '2016-12-21 18:05:00', '2016-12-21 18:05:00'),
(309, 28, 41, 'CamilleRollan', '2016-12-21 18:05:00', '2016-12-21 18:05:00'),
(310, 28, 42, 'Variétés', '2016-12-21 18:05:00', '2016-12-21 18:05:00'),
(311, 28, 43, 'JustineMichael', '2016-12-21 18:05:00', '2016-12-21 18:05:00'),
(312, 28, 44, '16 - 0539', '2016-12-21 18:05:00', '2016-12-21 18:05:00'),
(313, 29, 1, 'Adam', '2016-12-21 18:05:00', '2016-12-21 18:05:00'),
(314, 29, 2, 'N° 11', '2016-12-21 18:05:00', '2016-12-21 18:05:00'),
(315, 29, 3, 'Composition musicale', '2016-12-21 18:05:00', '2016-12-21 18:05:00'),
(316, 29, 4, '1934, 1979', '2016-12-21 18:05:00', '2016-12-21 18:05:00'),
(317, 29, 5, '56 MM', '2016-12-21 18:05:00', '2016-12-21 18:05:00'),
(318, 29, 6, 'Aucune description', '2016-12-21 18:05:00', '2016-12-21 18:05:00'),
(319, 29, 11, '', '2016-12-21 18:05:00', '2016-12-21 18:05:00'),
(320, 29, 22, 'Culture, Actualité', '2016-12-21 18:05:00', '2016-12-21 18:05:00'),
(321, 30, 6, 'Aucune description', '2016-12-21 18:05:00', '2016-12-21 18:05:00'),
(322, 30, 7, 'Publicité', '2016-12-21 18:05:00', '2016-12-21 18:05:00'),
(323, 30, 8, 'L, Aucune reproduction', '2016-12-21 18:05:00', '2016-12-21 18:05:00'),
(324, 30, 9, '00 : 00 MINUTE MODULE INTITULE ENTOMO', '2016-12-21 18:05:00', '2016-12-21 18:05:00'),
(325, 30, 10, 'OUI', '2016-12-21 18:05:00', '2016-12-21 18:05:00'),
(326, 30, 12, '2016, 20, Octobre', '2016-12-21 18:05:00', '2016-12-21 18:05:00'),
(327, 30, 13, '5 minutes', '2016-12-21 18:05:00', '2016-12-21 18:05:00'),
(328, 30, 14, 'Bon', '2016-12-21 18:05:00', '2016-12-21 18:05:00'),
(329, 30, 15, 'TV', '2016-12-21 18:05:00', '2016-12-21 18:05:00'),
(330, 30, 16, '43', '2016-12-21 18:05:00', '2016-12-21 18:05:00'),
(331, 30, 17, 'Aucune note', '2016-12-21 18:05:00', '2016-12-21 18:05:00'),
(332, 30, 18, 'Théatre du sang neuf', '2016-12-21 18:05:00', '2016-12-21 18:05:00'),
(333, 30, 19, 'NON', '2016-12-21 18:05:00', '2016-12-21 18:05:00'),
(334, 30, 20, 'NON', '2016-12-21 18:05:00', '2016-12-21 18:05:00'),
(335, 30, 21, 'Production personnelle', '2016-12-21 18:05:00', '2016-12-21 18:05:00'),
(336, 30, 22, 'Publicité, Documentaire', '2016-12-21 18:05:00', '2016-12-21 18:05:00'),
(337, 30, 23, 'Bruxelles', '2016-12-21 18:05:00', '2016-12-21 18:05:00'),
(338, 30, 24, 'Alex', '2016-12-21 18:05:00', '2016-12-21 18:05:00'),
(339, 31, 1, 'Bertran', '2016-12-21 18:05:00', '2016-12-21 18:05:00'),
(340, 31, 6, 'Aucune description', '2016-12-21 18:05:00', '2016-12-21 18:05:00'),
(341, 31, 22, 'Production personnelle, Publicité', '2016-12-21 18:05:00', '2016-12-21 18:05:00'),
(342, 31, 25, '1988', '2016-12-21 18:05:00', '2016-12-21 18:05:00'),
(343, 31, 26, 'IP13', '2016-12-21 18:05:00', '2016-12-21 18:05:00'),
(344, 31, 27, 'Sherbrooke', '2016-12-21 18:05:00', '2016-12-21 18:05:00'),
(345, 31, 28, '', '2016-12-21 18:05:00', '2016-12-21 18:05:00'),
(346, 31, 29, 'Michael, Bob', '2016-12-21 18:05:00', '2016-12-21 18:05:00'),
(347, 31, 31, 'Collectionneurs passionnés de l''estrie', '2016-12-21 18:05:00', '2016-12-21 18:05:00'),
(348, 32, 1, 'Justine', '2016-12-21 18:05:00', '2016-12-21 18:05:00'),
(349, 32, 4, '1939, 1951', '2016-12-21 18:05:00', '2016-12-21 18:05:00'),
(350, 32, 15, 'TV', '2016-12-21 18:05:00', '2016-12-21 18:05:00'),
(351, 32, 26, 'IP13', '2016-12-21 18:05:00', '2016-12-21 18:05:00'),
(352, 32, 28, '', '2016-12-21 18:05:00', '2016-12-21 18:05:00'),
(353, 32, 29, 'Julien, Bertran', '2016-12-21 18:05:00', '2016-12-21 18:05:00'),
(354, 32, 30, 'Les joies de la télévision', '2016-12-21 18:05:00', '2016-12-21 18:05:00'),
(355, 32, 32, 'Sherbrooke', '2016-12-21 18:05:00', '2016-12-21 18:05:00'),
(356, 32, 33, '4', '2016-12-21 18:05:00', '2016-12-21 18:05:00'),
(357, 32, 34, '7 CM = 536 M', '2016-12-21 18:05:00', '2016-12-21 18:05:00'),
(358, 32, 35, '48 CM * 30 CM', '2016-12-21 18:05:00', '2016-12-21 18:05:00'),
(359, 33, 6, 'Aucune description', '2016-12-21 18:05:00', '2016-12-21 18:05:00'),
(360, 33, 8, 'L, Aucune reproduction', '2016-12-21 18:05:00', '2016-12-21 18:05:00'),
(361, 33, 10, 'NON', '2016-12-21 18:05:00', '2016-12-21 18:05:00'),
(362, 33, 11, '', '2016-12-21 18:05:00', '2016-12-21 18:05:00'),
(363, 33, 15, 'TV', '2016-12-21 18:05:00', '2016-12-21 18:05:00'),
(364, 33, 16, '41', '2016-12-21 18:05:00', '2016-12-21 18:05:00'),
(365, 33, 21, 'Documentaire', '2016-12-21 18:05:00', '2016-12-21 18:05:00'),
(366, 33, 24, 'Olivier', '2016-12-21 18:05:00', '2016-12-21 18:05:00'),
(367, 33, 36, '1953', '2016-12-21 18:05:00', '2016-12-21 18:05:00'),
(368, 33, 45, '165', '2016-12-21 18:05:00', '2016-12-21 18:05:00'),
(369, 34, 15, 'TV', '2016-12-21 18:05:00', '2016-12-21 18:05:00'),
(370, 34, 22, 'Publicité, Education', '2016-12-21 18:05:00', '2016-12-21 18:05:00'),
(371, 34, 30, 'Un art de vivre', '2016-12-21 18:05:00', '2016-12-21 18:05:00'),
(372, 34, 37, 'Vol. 10N° 17', '2016-12-21 18:05:00', '2016-12-21 18:05:00'),
(373, 34, 38, 'Titre: Les joies de la télévisionP1: Nos idolesP2: Nos idoles', '2016-12-21 18:05:00', '2016-12-21 18:05:00'),
(374, 34, 39, 'Conseil du developpement du loisir scientifique', '2016-12-21 18:05:00', '2016-12-21 18:05:00'),
(375, 34, 40, '4828 - 8081', '2016-12-21 18:05:00', '2016-12-21 18:05:00'),
(376, 35, 9, ' 00 : 33 MINUTES - MODULE INTITULE SPELEO', '2016-12-21 18:05:00', '2016-12-21 18:05:00'),
(377, 35, 10, 'OUI', '2016-12-21 18:05:00', '2016-12-21 18:05:00'),
(378, 35, 12, '2016, 10, Novembre', '2016-12-21 18:05:00', '2016-12-21 18:05:00'),
(379, 35, 13, '53 minutes', '2016-12-21 18:05:00', '2016-12-21 18:05:00'),
(380, 35, 14, 'Neuf', '2016-12-21 18:05:00', '2016-12-21 18:05:00'),
(381, 35, 15, 'TV', '2016-12-21 18:05:00', '2016-12-21 18:05:00'),
(382, 35, 16, '92', '2016-12-21 18:05:00', '2016-12-21 18:05:00'),
(383, 35, 17, 'Aucune note', '2016-12-21 18:05:00', '2016-12-21 18:05:00'),
(384, 35, 18, 'Conseil du developpement du loisir scientifique', '2016-12-21 18:05:00', '2016-12-21 18:05:00'),
(385, 35, 19, 'NON', '2016-12-21 18:05:00', '2016-12-21 18:05:00'),
(386, 35, 21, 'Actualité', '2016-12-21 18:05:00', '2016-12-21 18:05:00'),
(387, 35, 41, 'Conseil du developpement du loisir scientifique', '2016-12-21 18:05:00', '2016-12-21 18:05:00'),
(388, 35, 42, 'Variétés', '2016-12-21 18:05:00', '2016-12-21 18:05:00'),
(389, 35, 43, 'BertranBorris', '2016-12-21 18:05:00', '2016-12-21 18:05:00'),
(390, 35, 44, '76 - 8692', '2016-12-21 18:05:00', '2016-12-21 18:05:00'),
(391, 36, 1, 'Félix', '2016-12-21 18:05:00', '2016-12-21 18:05:00'),
(392, 36, 2, 'N° 33', '2016-12-21 18:05:00', '2016-12-21 18:05:00'),
(393, 36, 3, 'Reportage', '2016-12-21 18:05:00', '2016-12-21 18:05:00'),
(394, 36, 4, '1939, 1995', '2016-12-21 18:05:00', '2016-12-21 18:05:00'),
(395, 36, 5, '112 MM', '2016-12-21 18:05:00', '2016-12-21 18:05:00'),
(396, 36, 6, 'Aucune description', '2016-12-21 18:05:00', '2016-12-21 18:05:00'),
(397, 36, 11, '', '2016-12-21 18:05:00', '2016-12-21 18:05:00'),
(398, 36, 22, 'Education, Documentaire', '2016-12-21 18:05:00', '2016-12-21 18:05:00'),
(399, 37, 6, 'Aucune description', '2016-12-21 18:05:00', '2016-12-21 18:05:00'),
(400, 37, 7, 'Culture', '2016-12-21 18:05:00', '2016-12-21 18:05:00'),
(401, 37, 8, 'L, Aucune reproduction', '2016-12-21 18:05:00', '2016-12-21 18:05:00'),
(402, 37, 9, ' 00 : 23 MINUTES - MODULE INTITULE ORNITHO', '2016-12-21 18:05:00', '2016-12-21 18:05:00'),
(403, 37, 10, 'OUI', '2016-12-21 18:05:00', '2016-12-21 18:05:00'),
(404, 37, 12, '2016, 12, Mars', '2016-12-21 18:05:00', '2016-12-21 18:05:00'),
(405, 37, 13, '41 minutes', '2016-12-21 18:05:00', '2016-12-21 18:05:00'),
(406, 37, 14, 'Neuf', '2016-12-21 18:05:00', '2016-12-21 18:05:00'),
(407, 37, 15, 'TV', '2016-12-21 18:05:00', '2016-12-21 18:05:00'),
(408, 37, 16, '50', '2016-12-21 18:05:00', '2016-12-21 18:05:00'),
(409, 37, 17, 'Aucune note', '2016-12-21 18:05:00', '2016-12-21 18:05:00'),
(410, 37, 18, 'Collectionneurs passionnés de l''estrie', '2016-12-21 18:05:00', '2016-12-21 18:05:00'),
(411, 37, 19, 'NON', '2016-12-21 18:05:00', '2016-12-21 18:05:00'),
(412, 37, 20, 'NON', '2016-12-21 18:05:00', '2016-12-21 18:05:00'),
(413, 37, 21, 'Publicité', '2016-12-21 18:05:00', '2016-12-21 18:05:00'),
(414, 37, 22, 'Actualité, Actualité', '2016-12-21 18:05:00', '2016-12-21 18:05:00'),
(415, 37, 23, 'Berlin', '2016-12-21 18:05:00', '2016-12-21 18:05:00'),
(416, 37, 24, 'Isaac', '2016-12-21 18:05:00', '2016-12-21 18:05:00'),
(417, 38, 1, 'Julien', '2016-12-21 18:05:00', '2016-12-21 18:05:00'),
(418, 38, 6, 'Aucune description', '2016-12-21 18:05:00', '2016-12-21 18:05:00'),
(419, 38, 22, 'Culture, Culture', '2016-12-21 18:05:00', '2016-12-21 18:05:00'),
(420, 38, 25, '1941', '2016-12-21 18:05:00', '2016-12-21 18:05:00'),
(421, 38, 26, 'IP13', '2016-12-21 18:05:00', '2016-12-21 18:05:00'),
(422, 38, 27, 'Paris', '2016-12-21 18:05:00', '2016-12-21 18:05:00'),
(423, 38, 28, '', '2016-12-21 18:05:00', '2016-12-21 18:05:00'),
(424, 38, 29, 'Adam, Paul', '2016-12-21 18:05:00', '2016-12-21 18:05:00'),
(425, 38, 31, 'Théatre du sang neuf', '2016-12-21 18:05:00', '2016-12-21 18:05:00'),
(426, 39, 1, 'Alice', '2016-12-21 18:05:00', '2016-12-21 18:05:00'),
(427, 39, 4, '1934, 1964', '2016-12-21 18:05:00', '2016-12-21 18:05:00'),
(428, 39, 15, 'TV', '2016-12-21 18:05:00', '2016-12-21 18:05:00'),
(429, 39, 26, 'IP13', '2016-12-21 18:05:00', '2016-12-21 18:05:00'),
(430, 39, 28, '', '2016-12-21 18:05:00', '2016-12-21 18:05:00'),
(431, 39, 29, 'Isaac, Rene', '2016-12-21 18:05:00', '2016-12-21 18:05:00'),
(432, 39, 30, 'Nos idoles', '2016-12-21 18:05:00', '2016-12-21 18:05:00'),
(433, 39, 32, 'Washington', '2016-12-21 18:05:00', '2016-12-21 18:05:00'),
(434, 39, 33, '3', '2016-12-21 18:05:00', '2016-12-21 18:05:00'),
(435, 39, 34, '24 CM = 146 M', '2016-12-21 18:05:00', '2016-12-21 18:05:00'),
(436, 39, 35, '36 CM * 49 CM', '2016-12-21 18:05:00', '2016-12-21 18:05:00'),
(437, 40, 6, 'Aucune description', '2016-12-21 18:05:00', '2016-12-21 18:05:00'),
(438, 40, 8, 'L, Aucune reproduction', '2016-12-21 18:05:00', '2016-12-21 18:05:00'),
(439, 40, 10, 'OUI', '2016-12-21 18:05:00', '2016-12-21 18:05:00'),
(440, 40, 11, '', '2016-12-21 18:05:00', '2016-12-21 18:05:00'),
(441, 40, 15, 'TV', '2016-12-21 18:05:00', '2016-12-21 18:05:00'),
(442, 40, 16, '88', '2016-12-21 18:05:00', '2016-12-21 18:05:00'),
(443, 40, 21, 'Education', '2016-12-21 18:05:00', '2016-12-21 18:05:00'),
(444, 40, 24, 'Alexia', '2016-12-21 18:05:00', '2016-12-21 18:05:00'),
(445, 40, 36, '1949', '2016-12-21 18:05:00', '2016-12-21 18:05:00'),
(446, 40, 45, '294', '2016-12-21 18:05:00', '2016-12-21 18:05:00'),
(447, 41, 15, 'TV', '2016-12-21 18:05:00', '2016-12-21 18:05:00'),
(448, 41, 22, 'Education, Documentaire', '2016-12-21 18:05:00', '2016-12-21 18:05:00'),
(449, 41, 30, 'Nos idoles', '2016-12-21 18:05:00', '2016-12-21 18:05:00'),
(450, 41, 37, 'Vol. 4N° 13', '2016-12-21 18:05:00', '2016-12-21 18:05:00'),
(451, 41, 38, 'Titre: Nos idolesP1: Nos idolesP2: Nos petites joies', '2016-12-21 18:05:00', '2016-12-21 18:05:00'),
(452, 41, 39, 'Conseil du developpement du loisir scientifique', '2016-12-21 18:05:00', '2016-12-21 18:05:00'),
(453, 41, 40, '0690 - 9438', '2016-12-21 18:05:00', '2016-12-21 18:05:00'),
(454, 42, 9, ' 00 : 23 MINUTES - MODULE INTITULE ORNITHO', '2016-12-21 18:05:00', '2016-12-21 18:05:00'),
(455, 42, 10, 'OUI', '2016-12-21 18:05:00', '2016-12-21 18:05:00'),
(456, 42, 12, '2016, 17, Juillet', '2016-12-21 18:05:00', '2016-12-21 18:05:00'),
(457, 42, 13, '58 minutes', '2016-12-21 18:05:00', '2016-12-21 18:05:00'),
(458, 42, 14, 'Endommagé', '2016-12-21 18:05:00', '2016-12-21 18:05:00'),
(459, 42, 15, 'TV', '2016-12-21 18:05:00', '2016-12-21 18:05:00'),
(460, 42, 16, '49', '2016-12-21 18:05:00', '2016-12-21 18:05:00'),
(461, 42, 17, 'Aucune note', '2016-12-21 18:05:00', '2016-12-21 18:05:00'),
(462, 42, 18, 'Collectionneurs passionnés de l''estrie', '2016-12-21 18:05:00', '2016-12-21 18:05:00'),
(463, 42, 19, 'NON', '2016-12-21 18:05:00', '2016-12-21 18:05:00'),
(464, 42, 21, 'Culture', '2016-12-21 18:05:00', '2016-12-21 18:05:00'),
(465, 42, 41, 'CamilleRollan', '2016-12-21 18:05:00', '2016-12-21 18:05:00'),
(466, 42, 42, 'Variétés', '2016-12-21 18:05:00', '2016-12-21 18:05:00'),
(467, 42, 43, 'AntoineJuliette', '2016-12-21 18:05:00', '2016-12-21 18:05:00'),
(468, 42, 44, '75 - 1257', '2016-12-21 18:05:00', '2016-12-21 18:05:00'),
(469, 43, 1, 'Rollan', '2016-12-21 18:05:00', '2016-12-21 18:05:00'),
(470, 43, 2, 'N° 16', '2016-12-21 18:05:00', '2016-12-21 18:05:00'),
(471, 43, 3, 'Conférence', '2016-12-21 18:05:00', '2016-12-21 18:05:00'),
(472, 43, 4, '1934, 1956', '2016-12-21 18:05:00', '2016-12-21 18:05:00'),
(473, 43, 5, '84 MM', '2016-12-21 18:05:00', '2016-12-21 18:05:00'),
(474, 43, 6, 'Aucune description', '2016-12-21 18:05:00', '2016-12-21 18:05:00'),
(475, 43, 11, '', '2016-12-21 18:05:00', '2016-12-21 18:05:00'),
(476, 43, 22, 'Culture, Publicité', '2016-12-21 18:05:00', '2016-12-21 18:05:00'),
(477, 44, 6, 'Aucune description', '2016-12-21 18:05:00', '2016-12-21 18:05:00'),
(478, 44, 7, 'Actualité', '2016-12-21 18:05:00', '2016-12-21 18:05:00'),
(479, 44, 8, 'L, Aucune reproduction', '2016-12-21 18:05:00', '2016-12-21 18:05:00'),
(480, 44, 9, ' 00 : 23 MINUTES - MODULE INTITULE ORNITHO', '2016-12-21 18:05:00', '2016-12-21 18:05:00'),
(481, 44, 10, 'OUI', '2016-12-21 18:05:00', '2016-12-21 18:05:00'),
(482, 44, 12, '2016, 22, Mais', '2016-12-21 18:05:00', '2016-12-21 18:05:00'),
(483, 44, 13, '42 minutes', '2016-12-21 18:05:00', '2016-12-21 18:05:00'),
(484, 44, 14, 'L''image saute', '2016-12-21 18:05:00', '2016-12-21 18:05:00'),
(485, 44, 15, 'TV', '2016-12-21 18:05:00', '2016-12-21 18:05:00'),
(486, 44, 16, '49', '2016-12-21 18:05:00', '2016-12-21 18:05:00'),
(487, 44, 17, 'Aucune note', '2016-12-21 18:05:00', '2016-12-21 18:05:00'),
(488, 44, 18, 'Théatre du sang neuf', '2016-12-21 18:05:00', '2016-12-21 18:05:00'),
(489, 44, 19, 'NON', '2016-12-21 18:05:00', '2016-12-21 18:05:00'),
(490, 44, 20, 'OUI', '2016-12-21 18:05:00', '2016-12-21 18:05:00'),
(491, 44, 21, 'Documentaire', '2016-12-21 18:05:00', '2016-12-21 18:05:00'),
(492, 44, 22, 'Education, Publicité', '2016-12-21 18:05:00', '2016-12-21 18:05:00'),
(493, 44, 23, 'Le Caire', '2016-12-21 18:05:00', '2016-12-21 18:05:00'),
(494, 44, 24, 'Alice', '2016-12-21 18:05:00', '2016-12-21 18:05:00'),
(495, 45, 1, 'Patrick', '2016-12-21 18:05:00', '2016-12-21 18:05:00'),
(496, 45, 6, 'Aucune description', '2016-12-21 18:05:00', '2016-12-21 18:05:00'),
(497, 45, 22, 'Publicité, Publicité', '2016-12-21 18:05:00', '2016-12-21 18:05:00'),
(498, 45, 25, '1968', '2016-12-21 18:05:00', '2016-12-21 18:05:00'),
(499, 45, 26, 'IP13', '2016-12-21 18:05:00', '2016-12-21 18:05:00'),
(500, 45, 27, 'Le Caire', '2016-12-21 18:05:00', '2016-12-21 18:05:00'),
(501, 45, 28, '', '2016-12-21 18:05:00', '2016-12-21 18:05:00'),
(502, 45, 29, 'Alice, John', '2016-12-21 18:05:00', '2016-12-21 18:05:00'),
(503, 45, 31, 'CamilleRollan', '2016-12-21 18:05:00', '2016-12-21 18:05:00'),
(504, 46, 1, 'Patrick', '2016-12-21 18:05:00', '2016-12-21 18:05:00'),
(505, 46, 4, '1937, 1995', '2016-12-21 18:05:00', '2016-12-21 18:05:00'),
(506, 46, 15, 'TV', '2016-12-21 18:05:00', '2016-12-21 18:05:00'),
(507, 46, 26, 'IP13', '2016-12-21 18:05:00', '2016-12-21 18:05:00'),
(508, 46, 28, '', '2016-12-21 18:05:00', '2016-12-21 18:05:00'),
(509, 46, 29, 'Michael, Antoine', '2016-12-21 18:05:00', '2016-12-21 18:05:00'),
(510, 46, 30, 'Les joies de la télévision', '2016-12-21 18:05:00', '2016-12-21 18:05:00'),
(511, 46, 32, 'Sherbrooke', '2016-12-21 18:05:00', '2016-12-21 18:05:00'),
(512, 46, 33, '9', '2016-12-21 18:05:00', '2016-12-21 18:05:00'),
(513, 46, 34, '20 CM = 86 M', '2016-12-21 18:05:00', '2016-12-21 18:05:00'),
(514, 46, 35, '16 CM * 21 CM', '2016-12-21 18:05:00', '2016-12-21 18:05:00'),
(515, 47, 6, 'Aucune description', '2016-12-21 18:05:00', '2016-12-21 18:05:00'),
(516, 47, 8, 'L, Aucune reproduction', '2016-12-21 18:05:00', '2016-12-21 18:05:00'),
(517, 47, 10, 'NON', '2016-12-21 18:05:00', '2016-12-21 18:05:00'),
(518, 47, 11, '', '2016-12-21 18:05:00', '2016-12-21 18:05:00'),
(519, 47, 15, 'TV', '2016-12-21 18:05:00', '2016-12-21 18:05:00'),
(520, 47, 16, '43', '2016-12-21 18:05:00', '2016-12-21 18:05:00'),
(521, 47, 21, 'Culture', '2016-12-21 18:05:00', '2016-12-21 18:05:00'),
(522, 47, 24, 'Alex', '2016-12-21 18:05:00', '2016-12-21 18:05:00'),
(523, 47, 36, '1938', '2016-12-21 18:05:00', '2016-12-21 18:05:00'),
(524, 47, 45, '116', '2016-12-21 18:05:00', '2016-12-21 18:05:00'),
(525, 48, 15, 'TV', '2016-12-21 18:05:00', '2016-12-21 18:05:00'),
(526, 48, 22, 'Production personnelle, Documentaire', '2016-12-21 18:05:00', '2016-12-21 18:05:00'),
(527, 48, 30, 'Nos petites joies', '2016-12-21 18:05:00', '2016-12-21 18:05:00'),
(528, 48, 37, 'Vol. 2N° 2', '2016-12-21 18:05:00', '2016-12-21 18:05:00'),
(529, 48, 38, 'Titre: Nos idolesP1: Nos petites joiesP2: Un art de vivre', '2016-12-21 18:05:00', '2016-12-21 18:05:00'),
(530, 48, 39, 'CamilleRollan', '2016-12-21 18:05:00', '2016-12-21 18:05:00'),
(531, 48, 40, '8861 - 6428', '2016-12-21 18:05:00', '2016-12-21 18:05:00'),
(532, 49, 9, ' 00 : 23 MINUTES - MODULE INTITULE ORNITHO', '2016-12-21 18:05:00', '2016-12-21 18:05:00'),
(533, 49, 10, 'NON', '2016-12-21 18:05:00', '2016-12-21 18:05:00'),
(534, 49, 12, '2016, 27, Novembre', '2016-12-21 18:05:00', '2016-12-21 18:05:00'),
(535, 49, 13, '48 minutes', '2016-12-21 18:05:00', '2016-12-21 18:05:00'),
(536, 49, 14, 'L''image saute', '2016-12-21 18:05:00', '2016-12-21 18:05:00'),
(537, 49, 15, 'TV', '2016-12-21 18:05:00', '2016-12-21 18:05:00'),
(538, 49, 16, '30', '2016-12-21 18:05:00', '2016-12-21 18:05:00'),
(539, 49, 17, 'Aucune note', '2016-12-21 18:05:00', '2016-12-21 18:05:00'),
(540, 49, 18, 'Théatre du sang neuf', '2016-12-21 18:05:00', '2016-12-21 18:05:00'),
(541, 49, 19, 'OUI', '2016-12-21 18:05:00', '2016-12-21 18:05:00'),
(542, 49, 21, 'Culture', '2016-12-21 18:05:00', '2016-12-21 18:05:00'),
(543, 49, 41, 'CamilleRollan', '2016-12-21 18:05:00', '2016-12-21 18:05:00'),
(544, 49, 42, 'Variétés', '2016-12-21 18:05:00', '2016-12-21 18:05:00'),
(545, 49, 43, 'CharlesRene', '2016-12-21 18:05:00', '2016-12-21 18:05:00'),
(546, 49, 44, '21 - 2402', '2016-12-21 18:05:00', '2016-12-21 18:05:00'),
(547, 50, 1, 'Camille', '2016-12-21 18:05:00', '2016-12-21 18:05:00'),
(548, 50, 2, 'N° 12', '2016-12-21 18:05:00', '2016-12-21 18:05:00'),
(549, 50, 3, 'Reportage', '2016-12-21 18:05:00', '2016-12-21 18:05:00'),
(550, 50, 4, '1935, 1979', '2016-12-21 18:05:00', '2016-12-21 18:05:00'),
(551, 50, 5, '185 MM', '2016-12-21 18:05:00', '2016-12-21 18:05:00'),
(552, 50, 6, 'Aucune description', '2016-12-21 18:05:00', '2016-12-21 18:05:00'),
(553, 50, 11, '', '2016-12-21 18:05:00', '2016-12-21 18:05:00'),
(554, 50, 22, 'Culture, Culture', '2016-12-21 18:05:00', '2016-12-21 18:05:00'),
(555, 51, 6, 'Aucune description', '2016-12-21 18:05:00', '2016-12-21 18:05:00'),
(556, 51, 7, 'Production personnelle', '2016-12-21 18:05:00', '2016-12-21 18:05:00'),
(557, 51, 8, 'L, Aucune reproduction', '2016-12-21 18:05:00', '2016-12-21 18:05:00'),
(558, 51, 9, '00 : 00 MINUTE MODULE INTITULE ENTOMO', '2016-12-21 18:05:00', '2016-12-21 18:05:00'),
(559, 51, 10, 'OUI', '2016-12-21 18:05:00', '2016-12-21 18:05:00'),
(560, 51, 12, '2016, 13, Octobre', '2016-12-21 18:05:00', '2016-12-21 18:05:00'),
(561, 51, 13, '26 minutes', '2016-12-21 18:05:00', '2016-12-21 18:05:00'),
(562, 51, 14, 'Bon', '2016-12-21 18:05:00', '2016-12-21 18:05:00'),
(563, 51, 15, 'TV', '2016-12-21 18:05:00', '2016-12-21 18:05:00'),
(564, 51, 16, '27', '2016-12-21 18:05:00', '2016-12-21 18:05:00'),
(565, 51, 17, 'Aucune note', '2016-12-21 18:05:00', '2016-12-21 18:05:00'),
(566, 51, 18, 'Collectionneurs passionnés de l''estrie', '2016-12-21 18:05:00', '2016-12-21 18:05:00'),
(567, 51, 19, 'OUI', '2016-12-21 18:05:00', '2016-12-21 18:05:00'),
(568, 51, 20, 'NON', '2016-12-21 18:05:00', '2016-12-21 18:05:00'),
(569, 51, 21, 'Culture', '2016-12-21 18:05:00', '2016-12-21 18:05:00'),
(570, 51, 22, 'Actualité, Production personnelle', '2016-12-21 18:05:00', '2016-12-21 18:05:00'),
(571, 51, 23, 'Berlin', '2016-12-21 18:05:00', '2016-12-21 18:05:00'),
(572, 51, 24, 'Antoine', '2016-12-21 18:05:00', '2016-12-21 18:05:00'),
(573, 52, 1, 'Félix', '2016-12-21 18:05:00', '2016-12-21 18:05:00'),
(574, 52, 6, 'Aucune description', '2016-12-21 18:05:00', '2016-12-21 18:05:00'),
(575, 52, 22, 'Culture, Documentaire', '2016-12-21 18:05:00', '2016-12-21 18:05:00'),
(576, 52, 25, '1949', '2016-12-21 18:05:00', '2016-12-21 18:05:00'),
(577, 52, 26, 'IP13', '2016-12-21 18:05:00', '2016-12-21 18:05:00'),
(578, 52, 27, 'Le Caire', '2016-12-21 18:05:00', '2016-12-21 18:05:00'),
(579, 52, 28, '', '2016-12-21 18:05:00', '2016-12-21 18:05:00'),
(580, 52, 29, 'Charles, Bob', '2016-12-21 18:05:00', '2016-12-21 18:05:00'),
(581, 52, 31, 'Théatre du sang neuf', '2016-12-21 18:05:00', '2016-12-21 18:05:00'),
(582, 53, 1, 'Paul', '2016-12-21 18:05:00', '2016-12-21 18:05:00'),
(583, 53, 4, '1934, 1972', '2016-12-21 18:05:00', '2016-12-21 18:05:00'),
(584, 53, 15, 'TV', '2016-12-21 18:05:00', '2016-12-21 18:05:00'),
(585, 53, 26, 'IP13', '2016-12-21 18:05:00', '2016-12-21 18:05:00'),
(586, 53, 28, '', '2016-12-21 18:05:00', '2016-12-21 18:05:00'),
(587, 53, 29, 'Charles, Rene', '2016-12-21 18:05:00', '2016-12-21 18:05:00'),
(588, 53, 30, 'Nos idoles', '2016-12-21 18:05:00', '2016-12-21 18:05:00'),
(589, 53, 32, 'Berlin', '2016-12-21 18:05:00', '2016-12-21 18:05:00'),
(590, 53, 33, '6', '2016-12-21 18:05:00', '2016-12-21 18:05:00'),
(591, 53, 34, '9 CM = 70 M', '2016-12-21 18:05:00', '2016-12-21 18:05:00'),
(592, 53, 35, '24 CM * 32 CM', '2016-12-21 18:05:00', '2016-12-21 18:05:00'),
(593, 54, 6, 'Aucune description', '2016-12-21 18:05:00', '2016-12-21 18:05:00'),
(594, 54, 8, 'L, Aucune reproduction', '2016-12-21 18:05:00', '2016-12-21 18:05:00'),
(595, 54, 10, 'OUI', '2016-12-21 18:05:00', '2016-12-21 18:05:00'),
(596, 54, 11, '', '2016-12-21 18:05:00', '2016-12-21 18:05:00'),
(597, 54, 15, 'TV', '2016-12-21 18:05:00', '2016-12-21 18:05:00'),
(598, 54, 16, '89', '2016-12-21 18:05:00', '2016-12-21 18:05:00'),
(599, 54, 21, 'Culture', '2016-12-21 18:05:00', '2016-12-21 18:05:00'),
(600, 54, 24, 'Rollan', '2016-12-21 18:05:00', '2016-12-21 18:05:00'),
(601, 54, 36, '1962', '2016-12-21 18:05:00', '2016-12-21 18:05:00'),
(602, 54, 45, '275', '2016-12-21 18:05:00', '2016-12-21 18:05:00'),
(603, 55, 15, 'TV', '2016-12-21 18:05:00', '2016-12-21 18:05:00'),
(604, 55, 22, 'Education, Production personnelle', '2016-12-21 18:05:00', '2016-12-21 18:05:00'),
(605, 55, 30, 'Les joies de la télévision', '2016-12-21 18:05:00', '2016-12-21 18:05:00'),
(606, 55, 37, 'Vol. 6N° 20', '2016-12-21 18:05:00', '2016-12-21 18:05:00'),
(607, 55, 38, 'Titre: Les joies de la télévisionP1: Un art de vivreP2: Nos idoles', '2016-12-21 18:05:00', '2016-12-21 18:05:00'),
(608, 55, 39, 'Conseil du developpement du loisir scientifique', '2016-12-21 18:05:00', '2016-12-21 18:05:00'),
(609, 55, 40, '7630 - 7972', '2016-12-21 18:05:00', '2016-12-21 18:05:00'),
(610, 56, 9, ' 00 : 23 MINUTES - MODULE INTITULE ORNITHO', '2016-12-21 18:05:00', '2016-12-21 18:05:00'),
(611, 56, 10, 'OUI', '2016-12-21 18:05:00', '2016-12-21 18:05:00'),
(612, 56, 12, '2016, 13, Décembre', '2016-12-21 18:05:00', '2016-12-21 18:05:00'),
(613, 56, 13, '37 minutes', '2016-12-21 18:05:00', '2016-12-21 18:05:00'),
(614, 56, 14, 'L''image saute', '2016-12-21 18:05:00', '2016-12-21 18:05:00'),
(615, 56, 15, 'TV', '2016-12-21 18:05:00', '2016-12-21 18:05:00'),
(616, 56, 16, '38', '2016-12-21 18:05:00', '2016-12-21 18:05:00'),
(617, 56, 17, 'Aucune note', '2016-12-21 18:05:00', '2016-12-21 18:05:00'),
(618, 56, 18, 'Conseil du developpement du loisir scientifique', '2016-12-21 18:05:00', '2016-12-21 18:05:00'),
(619, 56, 19, 'OUI', '2016-12-21 18:05:00', '2016-12-21 18:05:00'),
(620, 56, 21, 'Documentaire', '2016-12-21 18:05:00', '2016-12-21 18:05:00'),
(621, 56, 41, 'Collectionneurs passionnés de l''estrie', '2016-12-21 18:05:00', '2016-12-21 18:05:00'),
(622, 56, 42, 'Variétés', '2016-12-21 18:05:00', '2016-12-21 18:05:00'),
(623, 56, 43, 'PatrickEdouard', '2016-12-21 18:05:00', '2016-12-21 18:05:00'),
(624, 56, 44, '00 - 3026', '2016-12-21 18:05:00', '2016-12-21 18:05:00'),
(625, 57, 1, 'Joël', '2016-12-21 18:05:00', '2016-12-21 18:05:00'),
(626, 57, 2, 'N° 1', '2016-12-21 18:05:00', '2016-12-21 18:05:00'),
(627, 57, 3, 'Conférence', '2016-12-21 18:05:00', '2016-12-21 18:05:00'),
(628, 57, 4, '1935, 1985', '2016-12-21 18:05:00', '2016-12-21 18:05:00'),
(629, 57, 5, '204 MM', '2016-12-21 18:05:00', '2016-12-21 18:05:00'),
(630, 57, 6, 'Aucune description', '2016-12-21 18:05:00', '2016-12-21 18:05:00'),
(631, 57, 11, '', '2016-12-21 18:05:00', '2016-12-21 18:05:00'),
(632, 57, 22, 'Production personnelle, Culture', '2016-12-21 18:05:00', '2016-12-21 18:05:00'),
(633, 58, 6, 'Aucune description', '2016-12-21 18:05:00', '2016-12-21 18:05:00'),
(634, 58, 7, 'Actualité', '2016-12-21 18:05:00', '2016-12-21 18:05:00'),
(635, 58, 8, 'L, Aucune reproduction', '2016-12-21 18:05:00', '2016-12-21 18:05:00'),
(636, 58, 9, '00 : 00 MINUTE MODULE INTITULE ENTOMO', '2016-12-21 18:05:00', '2016-12-21 18:05:00'),
(637, 58, 10, 'NON', '2016-12-21 18:05:00', '2016-12-21 18:05:00'),
(638, 58, 12, '2016, 21, Décembre', '2016-12-21 18:05:00', '2016-12-21 18:05:00'),
(639, 58, 13, '49 minutes', '2016-12-21 18:05:00', '2016-12-21 18:05:00'),
(640, 58, 14, 'Bon', '2016-12-21 18:05:00', '2016-12-21 18:05:00'),
(641, 58, 15, 'TV', '2016-12-21 18:05:00', '2016-12-21 18:05:00'),
(642, 58, 16, '4', '2016-12-21 18:05:00', '2016-12-21 18:05:00'),
(643, 58, 17, 'Aucune note', '2016-12-21 18:05:00', '2016-12-21 18:05:00'),
(644, 58, 18, 'Collectionneurs passionnés de l''estrie', '2016-12-21 18:05:00', '2016-12-21 18:05:00'),
(645, 58, 19, 'OUI', '2016-12-21 18:05:00', '2016-12-21 18:05:00'),
(646, 58, 20, 'NON', '2016-12-21 18:05:00', '2016-12-21 18:05:00'),
(647, 58, 21, 'Documentaire', '2016-12-21 18:05:00', '2016-12-21 18:05:00'),
(648, 58, 22, 'Production personnelle, Publicité', '2016-12-21 18:05:00', '2016-12-21 18:05:00'),
(649, 58, 23, 'Le Caire', '2016-12-21 18:05:00', '2016-12-21 18:05:00'),
(650, 58, 24, 'Simon', '2016-12-21 18:05:00', '2016-12-21 18:05:00'),
(651, 59, 1, 'Amélia', '2016-12-21 18:05:00', '2016-12-21 18:05:00'),
(652, 59, 6, 'Aucune description', '2016-12-21 18:05:00', '2016-12-21 18:05:00'),
(653, 59, 22, 'Education, Education', '2016-12-21 18:05:00', '2016-12-21 18:05:00'),
(654, 59, 25, '1966', '2016-12-21 18:05:00', '2016-12-21 18:05:00'),
(655, 59, 26, 'IP13', '2016-12-21 18:05:00', '2016-12-21 18:05:00'),
(656, 59, 27, 'Sherbrooke', '2016-12-21 18:05:00', '2016-12-21 18:05:00'),
(657, 59, 28, '', '2016-12-21 18:05:00', '2016-12-21 18:05:00'),
(658, 59, 29, 'Michael, Borris', '2016-12-21 18:05:00', '2016-12-21 18:05:00'),
(659, 59, 31, 'Théatre du thé des bois', '2016-12-21 18:05:00', '2016-12-21 18:05:00'),
(660, 60, 1, 'Juliette', '2016-12-21 18:05:00', '2016-12-21 18:05:00'),
(661, 60, 4, '1936, 1980', '2016-12-21 18:05:00', '2016-12-21 18:05:00'),
(662, 60, 15, 'TV', '2016-12-21 18:05:00', '2016-12-21 18:05:00'),
(663, 60, 26, 'IP13', '2016-12-21 18:05:00', '2016-12-21 18:05:00'),
(664, 60, 28, '', '2016-12-21 18:05:00', '2016-12-21 18:05:00'),
(665, 60, 29, 'Alexia, Justine', '2016-12-21 18:05:00', '2016-12-21 18:05:00'),
(666, 60, 30, 'Les joies de la télévision', '2016-12-21 18:05:00', '2016-12-21 18:05:00'),
(667, 60, 32, 'Dakar', '2016-12-21 18:05:00', '2016-12-21 18:05:00'),
(668, 60, 33, '8', '2016-12-21 18:05:00', '2016-12-21 18:05:00'),
(669, 60, 34, '19 CM = 461 M', '2016-12-21 18:05:00', '2016-12-21 18:05:00'),
(670, 60, 35, '52 CM * 48 CM', '2016-12-21 18:05:00', '2016-12-21 18:05:00'),
(671, 61, 6, 'Aucune description', '2016-12-21 18:05:00', '2016-12-21 18:05:00');
INSERT INTO `card_associations` (`id`, `card_id`, `card_attribute_id`, `value`, `created_at`, `updated_at`) VALUES
(672, 61, 8, 'L, Aucune reproduction', '2016-12-21 18:05:00', '2016-12-21 18:05:00'),
(673, 61, 10, 'OUI', '2016-12-21 18:05:00', '2016-12-21 18:05:00'),
(674, 61, 11, '', '2016-12-21 18:05:00', '2016-12-21 18:05:00'),
(675, 61, 15, 'TV', '2016-12-21 18:05:00', '2016-12-21 18:05:00'),
(676, 61, 16, '69', '2016-12-21 18:05:00', '2016-12-21 18:05:00'),
(677, 61, 21, 'Culture', '2016-12-21 18:05:00', '2016-12-21 18:05:00'),
(678, 61, 24, 'Malik', '2016-12-21 18:05:00', '2016-12-21 18:05:00'),
(679, 61, 36, '1957', '2016-12-21 18:05:00', '2016-12-21 18:05:00'),
(680, 61, 45, '242', '2016-12-21 18:05:00', '2016-12-21 18:05:00'),
(681, 62, 15, 'TV', '2016-12-21 18:05:00', '2016-12-21 18:05:00'),
(682, 62, 22, 'Documentaire, Documentaire', '2016-12-21 18:05:00', '2016-12-21 18:05:00'),
(683, 62, 30, 'Nos petites joies', '2016-12-21 18:05:00', '2016-12-21 18:05:00'),
(684, 62, 37, 'Vol. 8N° 19', '2016-12-21 18:05:00', '2016-12-21 18:05:00'),
(685, 62, 38, 'Titre: Nos petites joiesP1: Nos idolesP2: Nos petites joies', '2016-12-21 18:05:00', '2016-12-21 18:05:00'),
(686, 62, 39, 'Théatre du sang neuf', '2016-12-21 18:05:00', '2016-12-21 18:05:00'),
(687, 62, 40, '3475 - 1151', '2016-12-21 18:05:00', '2016-12-21 18:05:00'),
(688, 63, 9, ' 00 : 23 MINUTES - MODULE INTITULE ORNITHO', '2016-12-21 18:05:00', '2016-12-21 18:05:00'),
(689, 63, 10, 'NON', '2016-12-21 18:05:00', '2016-12-21 18:05:00'),
(690, 63, 12, '2016, 20, Juin', '2016-12-21 18:05:00', '2016-12-21 18:05:00'),
(691, 63, 13, '1 minutes', '2016-12-21 18:05:00', '2016-12-21 18:05:00'),
(692, 63, 14, 'L''image saute', '2016-12-21 18:05:00', '2016-12-21 18:05:00'),
(693, 63, 15, 'TV', '2016-12-21 18:05:00', '2016-12-21 18:05:00'),
(694, 63, 16, '83', '2016-12-21 18:05:00', '2016-12-21 18:05:00'),
(695, 63, 17, 'Aucune note', '2016-12-21 18:05:00', '2016-12-21 18:05:00'),
(696, 63, 18, 'Collectionneurs passionnés de l''estrie', '2016-12-21 18:05:00', '2016-12-21 18:05:00'),
(697, 63, 19, 'OUI', '2016-12-21 18:05:00', '2016-12-21 18:05:00'),
(698, 63, 21, 'Culture', '2016-12-21 18:05:00', '2016-12-21 18:05:00'),
(699, 63, 41, 'Théatre du sang neuf', '2016-12-21 18:05:00', '2016-12-21 18:05:00'),
(700, 63, 42, 'Variétés', '2016-12-21 18:05:00', '2016-12-21 18:05:00'),
(701, 63, 43, 'ChloéJoël', '2016-12-21 18:05:00', '2016-12-21 18:05:00'),
(702, 63, 44, '99 - 0465', '2016-12-21 18:05:00', '2016-12-21 18:05:00'),
(703, 64, 1, 'Isaac', '2016-12-21 18:05:00', '2016-12-21 18:05:00'),
(704, 64, 2, 'N° 14', '2016-12-21 18:05:00', '2016-12-21 18:05:00'),
(705, 64, 3, 'Composition musicale', '2016-12-21 18:05:00', '2016-12-21 18:05:00'),
(706, 64, 4, '1938, 1955', '2016-12-21 18:05:00', '2016-12-21 18:05:00'),
(707, 64, 5, '185 MM', '2016-12-21 18:05:00', '2016-12-21 18:05:00'),
(708, 64, 6, 'Aucune description', '2016-12-21 18:05:00', '2016-12-21 18:05:00'),
(709, 64, 11, '', '2016-12-21 18:05:00', '2016-12-21 18:05:00'),
(710, 64, 22, 'Production personnelle, Publicité', '2016-12-21 18:05:00', '2016-12-21 18:05:00'),
(711, 65, 6, 'Aucune description', '2016-12-21 18:05:00', '2016-12-21 18:05:00'),
(712, 65, 7, 'Actualité', '2016-12-21 18:05:00', '2016-12-21 18:05:00'),
(713, 65, 8, 'L, Aucune reproduction', '2016-12-21 18:05:00', '2016-12-21 18:05:00'),
(714, 65, 9, ' 00 : 23 MINUTES - MODULE INTITULE ORNITHO', '2016-12-21 18:05:00', '2016-12-21 18:05:00'),
(715, 65, 10, 'NON', '2016-12-21 18:05:00', '2016-12-21 18:05:00'),
(716, 65, 12, '2016, 27, Aout', '2016-12-21 18:05:00', '2016-12-21 18:05:00'),
(717, 65, 13, '38 minutes', '2016-12-21 18:05:00', '2016-12-21 18:05:00'),
(718, 65, 14, 'Neuf', '2016-12-21 18:05:00', '2016-12-21 18:05:00'),
(719, 65, 15, 'TV', '2016-12-21 18:05:00', '2016-12-21 18:05:00'),
(720, 65, 16, '59', '2016-12-21 18:05:00', '2016-12-21 18:05:00'),
(721, 65, 17, 'Aucune note', '2016-12-21 18:05:00', '2016-12-21 18:05:00'),
(722, 65, 18, 'Conseil du developpement du loisir scientifique', '2016-12-21 18:05:00', '2016-12-21 18:05:00'),
(723, 65, 19, 'NON', '2016-12-21 18:05:00', '2016-12-21 18:05:00'),
(724, 65, 20, 'NON', '2016-12-21 18:05:00', '2016-12-21 18:05:00'),
(725, 65, 21, 'Publicité', '2016-12-21 18:05:00', '2016-12-21 18:05:00'),
(726, 65, 22, 'Publicité, Publicité', '2016-12-21 18:05:00', '2016-12-21 18:05:00'),
(727, 65, 23, 'Paris', '2016-12-21 18:05:00', '2016-12-21 18:05:00'),
(728, 65, 24, 'Amélia', '2016-12-21 18:05:00', '2016-12-21 18:05:00'),
(729, 66, 1, 'Bob', '2016-12-21 18:05:00', '2016-12-21 18:05:00'),
(730, 66, 6, 'Aucune description', '2016-12-21 18:05:00', '2016-12-21 18:05:00'),
(731, 66, 22, 'Production personnelle, Actualité', '2016-12-21 18:05:00', '2016-12-21 18:05:00'),
(732, 66, 25, '1963', '2016-12-21 18:05:00', '2016-12-21 18:05:00'),
(733, 66, 26, 'IP13', '2016-12-21 18:05:00', '2016-12-21 18:05:00'),
(734, 66, 27, 'Montréal', '2016-12-21 18:05:00', '2016-12-21 18:05:00'),
(735, 66, 28, '', '2016-12-21 18:05:00', '2016-12-21 18:05:00'),
(736, 66, 29, 'Charles, Antoine', '2016-12-21 18:05:00', '2016-12-21 18:05:00'),
(737, 66, 31, 'Collectionneurs passionnés de l''estrie', '2016-12-21 18:05:00', '2016-12-21 18:05:00'),
(738, 67, 1, 'Patrick', '2016-12-21 18:05:00', '2016-12-21 18:05:00'),
(739, 67, 4, '1937, 1977', '2016-12-21 18:05:00', '2016-12-21 18:05:00'),
(740, 67, 15, 'TV', '2016-12-21 18:05:00', '2016-12-21 18:05:00'),
(741, 67, 26, 'IP13', '2016-12-21 18:05:00', '2016-12-21 18:05:00'),
(742, 67, 28, '', '2016-12-21 18:05:00', '2016-12-21 18:05:00'),
(743, 67, 29, 'Félix, Amélia', '2016-12-21 18:05:00', '2016-12-21 18:05:00'),
(744, 67, 30, 'Un art de vivre', '2016-12-21 18:05:00', '2016-12-21 18:05:00'),
(745, 67, 32, 'Berlin', '2016-12-21 18:05:00', '2016-12-21 18:05:00'),
(746, 67, 33, '10', '2016-12-21 18:05:00', '2016-12-21 18:05:00'),
(747, 67, 34, '10 CM = 52 M', '2016-12-21 18:05:00', '2016-12-21 18:05:00'),
(748, 67, 35, '60 CM * 40 CM', '2016-12-21 18:05:00', '2016-12-21 18:05:00'),
(749, 68, 6, 'Aucune description', '2016-12-21 18:05:00', '2016-12-21 18:05:00'),
(750, 68, 8, 'L, Aucune reproduction', '2016-12-21 18:05:00', '2016-12-21 18:05:00'),
(751, 68, 10, 'NON', '2016-12-21 18:05:00', '2016-12-21 18:05:00'),
(752, 68, 11, '', '2016-12-21 18:05:00', '2016-12-21 18:05:00'),
(753, 68, 15, 'TV', '2016-12-21 18:05:00', '2016-12-21 18:05:00'),
(754, 68, 16, '10', '2016-12-21 18:05:00', '2016-12-21 18:05:00'),
(755, 68, 21, 'Publicité', '2016-12-21 18:05:00', '2016-12-21 18:05:00'),
(756, 68, 24, 'Alex', '2016-12-21 18:05:00', '2016-12-21 18:05:00'),
(757, 68, 36, '1976', '2016-12-21 18:05:00', '2016-12-21 18:05:00'),
(758, 68, 45, '192', '2016-12-21 18:05:00', '2016-12-21 18:05:00'),
(759, 69, 15, 'TV', '2016-12-21 18:05:00', '2016-12-21 18:05:00'),
(760, 69, 22, 'Actualité, Documentaire', '2016-12-21 18:05:00', '2016-12-21 18:05:00'),
(761, 69, 30, 'Les joies de la télévision', '2016-12-21 18:05:00', '2016-12-21 18:05:00'),
(762, 69, 37, 'Vol. 6N° 8', '2016-12-21 18:05:00', '2016-12-21 18:05:00'),
(763, 69, 38, 'Titre: Nos idolesP1: Un art de vivreP2: Un art de vivre', '2016-12-21 18:05:00', '2016-12-21 18:05:00'),
(764, 69, 39, 'Collectionneurs passionnés de l''estrie', '2016-12-21 18:05:00', '2016-12-21 18:05:00'),
(765, 69, 40, '3631 - 3243', '2016-12-21 18:05:00', '2016-12-21 18:05:00'),
(766, 70, 9, ' 00 : 23 MINUTES - MODULE INTITULE ORNITHO', '2016-12-21 18:05:00', '2016-12-21 18:05:00'),
(767, 70, 10, 'OUI', '2016-12-21 18:05:00', '2016-12-21 18:05:00'),
(768, 70, 12, '2016, 14, Mars', '2016-12-21 18:05:00', '2016-12-21 18:05:00'),
(769, 70, 13, '8 minutes', '2016-12-21 18:05:00', '2016-12-21 18:05:00'),
(770, 70, 14, 'Neuf', '2016-12-21 18:05:00', '2016-12-21 18:05:00'),
(771, 70, 15, 'TV', '2016-12-21 18:05:00', '2016-12-21 18:05:00'),
(772, 70, 16, '11', '2016-12-21 18:05:00', '2016-12-21 18:05:00'),
(773, 70, 17, 'Aucune note', '2016-12-21 18:05:00', '2016-12-21 18:05:00'),
(774, 70, 18, 'Théatre du thé des bois', '2016-12-21 18:05:00', '2016-12-21 18:05:00'),
(775, 70, 19, 'NON', '2016-12-21 18:05:00', '2016-12-21 18:05:00'),
(776, 70, 21, 'Documentaire', '2016-12-21 18:05:00', '2016-12-21 18:05:00'),
(777, 70, 41, 'Théatre du sang neuf', '2016-12-21 18:05:00', '2016-12-21 18:05:00'),
(778, 70, 42, 'Variétés', '2016-12-21 18:05:00', '2016-12-21 18:05:00'),
(779, 70, 43, 'AuréliePaul', '2016-12-21 18:05:00', '2016-12-21 18:05:00'),
(780, 70, 44, '00 - 1222', '2016-12-21 18:05:00', '2016-12-21 18:05:00'),
(781, 71, 1, 'Clara', '2016-12-21 18:05:00', '2016-12-21 18:05:00'),
(782, 71, 2, 'N° 31', '2016-12-21 18:05:00', '2016-12-21 18:05:00'),
(783, 71, 3, 'Magazine', '2016-12-21 18:05:00', '2016-12-21 18:05:00'),
(784, 71, 4, '1939, 1989', '2016-12-21 18:05:00', '2016-12-21 18:05:00'),
(785, 71, 5, '199 MM', '2016-12-21 18:05:00', '2016-12-21 18:05:00'),
(786, 71, 6, 'Aucune description', '2016-12-21 18:05:00', '2016-12-21 18:05:00'),
(787, 71, 11, '', '2016-12-21 18:05:00', '2016-12-21 18:05:00'),
(788, 71, 22, 'Publicité, Culture', '2016-12-21 18:05:00', '2016-12-21 18:05:00'),
(789, 72, 6, 'Aucune description', '2016-12-21 18:05:00', '2016-12-21 18:05:00'),
(790, 72, 7, 'Documentaire', '2016-12-21 18:05:00', '2016-12-21 18:05:00'),
(791, 72, 8, 'L, Aucune reproduction', '2016-12-21 18:05:00', '2016-12-21 18:05:00'),
(792, 72, 9, '00 : 00 MINUTE MODULE INTITULE ENTOMO', '2016-12-21 18:05:00', '2016-12-21 18:05:00'),
(793, 72, 10, 'OUI', '2016-12-21 18:05:00', '2016-12-21 18:05:00'),
(794, 72, 12, '2016, 18, Décembre', '2016-12-21 18:05:00', '2016-12-21 18:05:00'),
(795, 72, 13, '43 minutes', '2016-12-21 18:05:00', '2016-12-21 18:05:00'),
(796, 72, 14, 'la video n''a pas d''audio', '2016-12-21 18:05:00', '2016-12-21 18:05:00'),
(797, 72, 15, 'TV', '2016-12-21 18:05:00', '2016-12-21 18:05:00'),
(798, 72, 16, '58', '2016-12-21 18:05:00', '2016-12-21 18:05:00'),
(799, 72, 17, 'Aucune note', '2016-12-21 18:05:00', '2016-12-21 18:05:00'),
(800, 72, 18, 'Conseil du developpement du loisir scientifique', '2016-12-21 18:05:00', '2016-12-21 18:05:00'),
(801, 72, 19, 'NON', '2016-12-21 18:05:00', '2016-12-21 18:05:00'),
(802, 72, 20, 'NON', '2016-12-21 18:05:00', '2016-12-21 18:05:00'),
(803, 72, 21, 'Education', '2016-12-21 18:05:00', '2016-12-21 18:05:00'),
(804, 72, 22, 'Publicité, Publicité', '2016-12-21 18:05:00', '2016-12-21 18:05:00'),
(805, 72, 23, 'Washington', '2016-12-21 18:05:00', '2016-12-21 18:05:00'),
(806, 72, 24, 'Edouard', '2016-12-21 18:05:00', '2016-12-21 18:05:00'),
(807, 73, 1, 'Alice', '2016-12-21 18:05:00', '2016-12-21 18:05:00'),
(808, 73, 6, 'Aucune description', '2016-12-21 18:05:00', '2016-12-21 18:05:00'),
(809, 73, 22, 'Culture, Actualité', '2016-12-21 18:05:00', '2016-12-21 18:05:00'),
(810, 73, 25, '1983', '2016-12-21 18:05:00', '2016-12-21 18:05:00'),
(811, 73, 26, 'IP13', '2016-12-21 18:05:00', '2016-12-21 18:05:00'),
(812, 73, 27, 'Jakarta', '2016-12-21 18:05:00', '2016-12-21 18:05:00'),
(813, 73, 28, '', '2016-12-21 18:05:00', '2016-12-21 18:05:00'),
(814, 73, 29, 'Alice, Bertran', '2016-12-21 18:05:00', '2016-12-21 18:05:00'),
(815, 73, 31, 'Théatre du thé des bois', '2016-12-21 18:05:00', '2016-12-21 18:05:00'),
(816, 74, 1, 'Alexia', '2016-12-21 18:05:00', '2016-12-21 18:05:00'),
(817, 74, 4, '1936, 1961', '2016-12-21 18:05:00', '2016-12-21 18:05:00'),
(818, 74, 15, 'TV', '2016-12-21 18:05:00', '2016-12-21 18:05:00'),
(819, 74, 26, 'IP13', '2016-12-21 18:05:00', '2016-12-21 18:05:00'),
(820, 74, 28, '', '2016-12-21 18:05:00', '2016-12-21 18:05:00'),
(821, 74, 29, 'Chloé, Simon', '2016-12-21 18:05:00', '2016-12-21 18:05:00'),
(822, 74, 30, 'Nos petites joies', '2016-12-21 18:05:00', '2016-12-21 18:05:00'),
(823, 74, 32, 'Jakarta', '2016-12-21 18:05:00', '2016-12-21 18:05:00'),
(824, 74, 33, '8', '2016-12-21 18:05:00', '2016-12-21 18:05:00'),
(825, 74, 34, '1 CM = 350 M', '2016-12-21 18:05:00', '2016-12-21 18:05:00'),
(826, 74, 35, '52 CM * 56 CM', '2016-12-21 18:05:00', '2016-12-21 18:05:00'),
(827, 75, 6, 'Aucune description', '2016-12-21 18:05:00', '2016-12-21 18:05:00'),
(828, 75, 8, 'L, Aucune reproduction', '2016-12-21 18:05:00', '2016-12-21 18:05:00'),
(829, 75, 10, 'OUI', '2016-12-21 18:05:00', '2016-12-21 18:05:00'),
(830, 75, 11, '', '2016-12-21 18:05:00', '2016-12-21 18:05:00'),
(831, 75, 15, 'TV', '2016-12-21 18:05:00', '2016-12-21 18:05:00'),
(832, 75, 16, '48', '2016-12-21 18:05:00', '2016-12-21 18:05:00'),
(833, 75, 21, 'Production personnelle', '2016-12-21 18:05:00', '2016-12-21 18:05:00'),
(834, 75, 24, 'Michael', '2016-12-21 18:05:00', '2016-12-21 18:05:00'),
(835, 75, 36, '1933', '2016-12-21 18:05:00', '2016-12-21 18:05:00'),
(836, 75, 45, '178', '2016-12-21 18:05:00', '2016-12-21 18:05:00'),
(837, 76, 15, 'TV', '2016-12-21 18:05:00', '2016-12-21 18:05:00'),
(838, 76, 22, 'Documentaire, Publicité', '2016-12-21 18:05:00', '2016-12-21 18:05:00'),
(839, 76, 30, 'Nos petites joies', '2016-12-21 18:05:00', '2016-12-21 18:05:00'),
(840, 76, 37, 'Vol. 1N° 2', '2016-12-21 18:05:00', '2016-12-21 18:05:00'),
(841, 76, 38, 'Titre: Nos idolesP1: Un art de vivreP2: Nos petites joies', '2016-12-21 18:05:00', '2016-12-21 18:05:00'),
(842, 76, 39, 'CamilleRollan', '2016-12-21 18:05:00', '2016-12-21 18:05:00'),
(843, 76, 40, '8176 - 6161', '2016-12-21 18:05:00', '2016-12-21 18:05:00'),
(844, 77, 9, ' 00 : 23 MINUTES - MODULE INTITULE ORNITHO', '2016-12-21 18:05:00', '2016-12-21 18:05:00'),
(845, 77, 10, 'NON', '2016-12-21 18:05:00', '2016-12-21 18:05:00'),
(846, 77, 12, '2016, 16, Février', '2016-12-21 18:05:00', '2016-12-21 18:05:00'),
(847, 77, 13, '2 minutes', '2016-12-21 18:05:00', '2016-12-21 18:05:00'),
(848, 77, 14, 'la video n''a pas d''audio', '2016-12-21 18:05:00', '2016-12-21 18:05:00'),
(849, 77, 15, 'TV', '2016-12-21 18:05:00', '2016-12-21 18:05:00'),
(850, 77, 16, '28', '2016-12-21 18:05:00', '2016-12-21 18:05:00'),
(851, 77, 17, 'Aucune note', '2016-12-21 18:05:00', '2016-12-21 18:05:00'),
(852, 77, 18, 'CamilleRollan', '2016-12-21 18:05:00', '2016-12-21 18:05:00'),
(853, 77, 19, 'NON', '2016-12-21 18:05:00', '2016-12-21 18:05:00'),
(854, 77, 21, 'Production personnelle', '2016-12-21 18:05:00', '2016-12-21 18:05:00'),
(855, 77, 41, 'CamilleRollan', '2016-12-21 18:05:00', '2016-12-21 18:05:00'),
(856, 77, 42, 'Variétés', '2016-12-21 18:05:00', '2016-12-21 18:05:00'),
(857, 77, 43, 'MichaelChloé', '2016-12-21 18:05:00', '2016-12-21 18:05:00'),
(858, 77, 44, '78 - 3412', '2016-12-21 18:05:00', '2016-12-21 18:05:00'),
(859, 78, 1, 'Simon', '2016-12-21 18:05:00', '2016-12-21 18:05:00'),
(860, 78, 2, 'N° 24', '2016-12-21 18:05:00', '2016-12-21 18:05:00'),
(861, 78, 3, 'Conférence', '2016-12-21 18:05:00', '2016-12-21 18:05:00'),
(862, 78, 4, '1932, 1980', '2016-12-21 18:05:00', '2016-12-21 18:05:00'),
(863, 78, 5, '121 MM', '2016-12-21 18:05:00', '2016-12-21 18:05:00'),
(864, 78, 6, 'Aucune description', '2016-12-21 18:05:00', '2016-12-21 18:05:00'),
(865, 78, 11, '', '2016-12-21 18:05:00', '2016-12-21 18:05:00'),
(866, 78, 22, 'Actualité, Documentaire', '2016-12-21 18:05:00', '2016-12-21 18:05:00'),
(867, 79, 6, 'Aucune description', '2016-12-21 18:05:00', '2016-12-21 18:05:00'),
(868, 79, 7, 'Production personnelle', '2016-12-21 18:05:00', '2016-12-21 18:05:00'),
(869, 79, 8, 'L, Aucune reproduction', '2016-12-21 18:05:00', '2016-12-21 18:05:00'),
(870, 79, 9, ' 00 : 23 MINUTES - MODULE INTITULE ORNITHO', '2016-12-21 18:05:00', '2016-12-21 18:05:00'),
(871, 79, 10, 'NON', '2016-12-21 18:05:00', '2016-12-21 18:05:00'),
(872, 79, 12, '2016, 13, Novembre', '2016-12-21 18:05:00', '2016-12-21 18:05:00'),
(873, 79, 13, '18 minutes', '2016-12-21 18:05:00', '2016-12-21 18:05:00'),
(874, 79, 14, 'Endommagé', '2016-12-21 18:05:00', '2016-12-21 18:05:00'),
(875, 79, 15, 'TV', '2016-12-21 18:05:00', '2016-12-21 18:05:00'),
(876, 79, 16, '75', '2016-12-21 18:05:00', '2016-12-21 18:05:00'),
(877, 79, 17, 'Aucune note', '2016-12-21 18:05:00', '2016-12-21 18:05:00'),
(878, 79, 18, 'Théatre du thé des bois', '2016-12-21 18:05:00', '2016-12-21 18:05:00'),
(879, 79, 19, 'NON', '2016-12-21 18:05:00', '2016-12-21 18:05:00'),
(880, 79, 20, 'OUI', '2016-12-21 18:05:00', '2016-12-21 18:05:00'),
(881, 79, 21, 'Actualité', '2016-12-21 18:05:00', '2016-12-21 18:05:00'),
(882, 79, 22, 'Culture, Culture', '2016-12-21 18:05:00', '2016-12-21 18:05:00'),
(883, 79, 23, 'Berlin', '2016-12-21 18:05:00', '2016-12-21 18:05:00'),
(884, 79, 24, 'Charles', '2016-12-21 18:05:00', '2016-12-21 18:05:00'),
(885, 80, 1, 'Rene', '2016-12-21 18:05:00', '2016-12-21 18:05:00'),
(886, 80, 6, 'Aucune description', '2016-12-21 18:05:00', '2016-12-21 18:05:00'),
(887, 80, 22, 'Culture, Actualité', '2016-12-21 18:05:00', '2016-12-21 18:05:00'),
(888, 80, 25, '1968', '2016-12-21 18:05:00', '2016-12-21 18:05:00'),
(889, 80, 26, 'IP13', '2016-12-21 18:05:00', '2016-12-21 18:05:00'),
(890, 80, 27, 'Le Caire', '2016-12-21 18:05:00', '2016-12-21 18:05:00'),
(891, 80, 28, '', '2016-12-21 18:05:00', '2016-12-21 18:05:00'),
(892, 80, 29, 'Chloé, Victor', '2016-12-21 18:05:00', '2016-12-21 18:05:00'),
(893, 80, 31, 'Théatre du sang neuf', '2016-12-21 18:05:00', '2016-12-21 18:05:00'),
(894, 81, 1, 'Juliette', '2016-12-21 18:05:00', '2016-12-21 18:05:00'),
(895, 81, 4, '1940, 1974', '2016-12-21 18:05:00', '2016-12-21 18:05:00'),
(896, 81, 15, 'TV', '2016-12-21 18:05:00', '2016-12-21 18:05:00'),
(897, 81, 26, 'IP13', '2016-12-21 18:05:00', '2016-12-21 18:05:00'),
(898, 81, 28, '', '2016-12-21 18:05:00', '2016-12-21 18:05:00'),
(899, 81, 29, 'Malic, Bertran', '2016-12-21 18:05:00', '2016-12-21 18:05:00'),
(900, 81, 30, 'Nos petites joies', '2016-12-21 18:05:00', '2016-12-21 18:05:00'),
(901, 81, 32, 'Dakar', '2016-12-21 18:05:00', '2016-12-21 18:05:00'),
(902, 81, 33, '7', '2016-12-21 18:05:00', '2016-12-21 18:05:00'),
(903, 81, 34, '18 CM = 407 M', '2016-12-21 18:05:00', '2016-12-21 18:05:00'),
(904, 81, 35, '28 CM * 6 CM', '2016-12-21 18:05:00', '2016-12-21 18:05:00'),
(905, 82, 6, 'Aucune description', '2016-12-21 18:05:00', '2016-12-21 18:05:00'),
(906, 82, 8, 'L, Aucune reproduction', '2016-12-21 18:05:00', '2016-12-21 18:05:00'),
(907, 82, 10, 'NON', '2016-12-21 18:05:00', '2016-12-21 18:05:00'),
(908, 82, 11, '', '2016-12-21 18:05:00', '2016-12-21 18:05:00'),
(909, 82, 15, 'TV', '2016-12-21 18:05:00', '2016-12-21 18:05:00'),
(910, 82, 16, '53', '2016-12-21 18:05:00', '2016-12-21 18:05:00'),
(911, 82, 21, 'Publicité', '2016-12-21 18:05:00', '2016-12-21 18:05:00'),
(912, 82, 24, 'Amélia', '2016-12-21 18:05:00', '2016-12-21 18:05:00'),
(913, 82, 36, '1965', '2016-12-21 18:05:00', '2016-12-21 18:05:00'),
(914, 82, 45, '205', '2016-12-21 18:05:00', '2016-12-21 18:05:00'),
(915, 83, 15, 'TV', '2016-12-21 18:05:00', '2016-12-21 18:05:00'),
(916, 83, 22, 'Culture, Production personnelle', '2016-12-21 18:05:00', '2016-12-21 18:05:00'),
(917, 83, 30, 'Nos petites joies', '2016-12-21 18:05:00', '2016-12-21 18:05:00'),
(918, 83, 37, 'Vol. 5N° 5', '2016-12-21 18:05:00', '2016-12-21 18:05:00'),
(919, 83, 38, 'Titre: Les joies de la télévisionP1: Un art de vivreP2: Les joies de la télévision', '2016-12-21 18:05:00', '2016-12-21 18:05:00'),
(920, 83, 39, 'Théatre du sang neuf', '2016-12-21 18:05:00', '2016-12-21 18:05:00'),
(921, 83, 40, '5694 - 7179', '2016-12-21 18:05:00', '2016-12-21 18:05:00'),
(922, 84, 9, '00 : 00 MINUTE MODULE INTITULE ENTOMO', '2016-12-21 18:05:00', '2016-12-21 18:05:00'),
(923, 84, 10, 'OUI', '2016-12-21 18:05:00', '2016-12-21 18:05:00'),
(924, 84, 12, '2016, 20, Septembre', '2016-12-21 18:05:00', '2016-12-21 18:05:00'),
(925, 84, 13, '46 minutes', '2016-12-21 18:05:00', '2016-12-21 18:05:00'),
(926, 84, 14, 'Bon', '2016-12-21 18:05:00', '2016-12-21 18:05:00'),
(927, 84, 15, 'TV', '2016-12-21 18:05:00', '2016-12-21 18:05:00'),
(928, 84, 16, '23', '2016-12-21 18:05:00', '2016-12-21 18:05:00'),
(929, 84, 17, 'Aucune note', '2016-12-21 18:05:00', '2016-12-21 18:05:00'),
(930, 84, 18, 'Théatre du sang neuf', '2016-12-21 18:05:00', '2016-12-21 18:05:00'),
(931, 84, 19, 'OUI', '2016-12-21 18:05:00', '2016-12-21 18:05:00'),
(932, 84, 21, 'Documentaire', '2016-12-21 18:05:00', '2016-12-21 18:05:00'),
(933, 84, 41, 'Conseil du developpement du loisir scientifique', '2016-12-21 18:05:00', '2016-12-21 18:05:00'),
(934, 84, 42, 'Variétés', '2016-12-21 18:05:00', '2016-12-21 18:05:00'),
(935, 84, 43, 'PaulJohn', '2016-12-21 18:05:00', '2016-12-21 18:05:00'),
(936, 84, 44, '50 - 3654', '2016-12-21 18:05:00', '2016-12-21 18:05:00'),
(937, 85, 1, 'Malic', '2016-12-21 18:05:00', '2016-12-21 18:05:00'),
(938, 85, 2, 'N° 7', '2016-12-21 18:05:00', '2016-12-21 18:05:00'),
(939, 85, 3, 'Magazine', '2016-12-21 18:05:00', '2016-12-21 18:05:00'),
(940, 85, 4, '1930, 1963', '2016-12-21 18:05:00', '2016-12-21 18:05:00'),
(941, 85, 5, '3 MM', '2016-12-21 18:05:00', '2016-12-21 18:05:00'),
(942, 85, 6, 'Aucune description', '2016-12-21 18:05:00', '2016-12-21 18:05:00'),
(943, 85, 11, '', '2016-12-21 18:05:00', '2016-12-21 18:05:00'),
(944, 85, 22, 'Education, Publicité', '2016-12-21 18:05:00', '2016-12-21 18:05:00'),
(945, 86, 6, 'Aucune description', '2016-12-21 18:05:00', '2016-12-21 18:05:00'),
(946, 86, 7, 'Culture', '2016-12-21 18:05:00', '2016-12-21 18:05:00'),
(947, 86, 8, 'L, Aucune reproduction', '2016-12-21 18:05:00', '2016-12-21 18:05:00'),
(948, 86, 9, '00 : 00 MINUTE MODULE INTITULE ENTOMO', '2016-12-21 18:05:00', '2016-12-21 18:05:00'),
(949, 86, 10, 'NON', '2016-12-21 18:05:00', '2016-12-21 18:05:00'),
(950, 86, 12, '2016, 24, Avril', '2016-12-21 18:05:00', '2016-12-21 18:05:00'),
(951, 86, 13, '10 minutes', '2016-12-21 18:05:00', '2016-12-21 18:05:00'),
(952, 86, 14, 'la video n''a pas d''audio', '2016-12-21 18:05:00', '2016-12-21 18:05:00'),
(953, 86, 15, 'TV', '2016-12-21 18:05:00', '2016-12-21 18:05:00'),
(954, 86, 16, '16', '2016-12-21 18:05:00', '2016-12-21 18:05:00'),
(955, 86, 17, 'Aucune note', '2016-12-21 18:05:00', '2016-12-21 18:05:00'),
(956, 86, 18, 'Collectionneurs passionnés de l''estrie', '2016-12-21 18:05:00', '2016-12-21 18:05:00'),
(957, 86, 19, 'OUI', '2016-12-21 18:05:00', '2016-12-21 18:05:00'),
(958, 86, 20, 'OUI', '2016-12-21 18:05:00', '2016-12-21 18:05:00'),
(959, 86, 21, 'Documentaire', '2016-12-21 18:05:00', '2016-12-21 18:05:00'),
(960, 86, 22, 'Documentaire, Culture', '2016-12-21 18:05:00', '2016-12-21 18:05:00'),
(961, 86, 23, 'Brasilia', '2016-12-21 18:05:00', '2016-12-21 18:05:00'),
(962, 86, 24, 'Charles', '2016-12-21 18:05:00', '2016-12-21 18:05:00'),
(963, 87, 1, 'Félix', '2016-12-21 18:05:00', '2016-12-21 18:05:00'),
(964, 87, 6, 'Aucune description', '2016-12-21 18:05:00', '2016-12-21 18:05:00'),
(965, 87, 22, 'Publicité, Actualité', '2016-12-21 18:05:00', '2016-12-21 18:05:00'),
(966, 87, 25, '1989', '2016-12-21 18:05:00', '2016-12-21 18:05:00'),
(967, 87, 26, 'IP13', '2016-12-21 18:05:00', '2016-12-21 18:05:00'),
(968, 87, 27, 'Dakar', '2016-12-21 18:05:00', '2016-12-21 18:05:00'),
(969, 87, 28, '', '2016-12-21 18:05:00', '2016-12-21 18:05:00'),
(970, 87, 29, 'Alexia, Bob', '2016-12-21 18:05:00', '2016-12-21 18:05:00'),
(971, 87, 31, 'Collectionneurs passionnés de l''estrie', '2016-12-21 18:05:00', '2016-12-21 18:05:00'),
(972, 88, 1, 'Charles', '2016-12-21 18:05:00', '2016-12-21 18:05:00'),
(973, 88, 4, '1939, 1971', '2016-12-21 18:05:00', '2016-12-21 18:05:00'),
(974, 88, 15, 'TV', '2016-12-21 18:05:00', '2016-12-21 18:05:00'),
(975, 88, 26, 'IP13', '2016-12-21 18:05:00', '2016-12-21 18:05:00'),
(976, 88, 28, '', '2016-12-21 18:05:00', '2016-12-21 18:05:00'),
(977, 88, 29, 'Patrick, Bertran', '2016-12-21 18:05:00', '2016-12-21 18:05:00'),
(978, 88, 30, 'Les joies de la télévision', '2016-12-21 18:05:00', '2016-12-21 18:05:00'),
(979, 88, 32, 'Brasilia', '2016-12-21 18:05:00', '2016-12-21 18:05:00'),
(980, 88, 33, '9', '2016-12-21 18:05:00', '2016-12-21 18:05:00'),
(981, 88, 34, '10 CM = 511 M', '2016-12-21 18:05:00', '2016-12-21 18:05:00'),
(982, 88, 35, '55 CM * 18 CM', '2016-12-21 18:05:00', '2016-12-21 18:05:00'),
(983, 89, 6, 'Aucune description', '2016-12-21 18:05:00', '2016-12-21 18:05:00'),
(984, 89, 8, 'L, Aucune reproduction', '2016-12-21 18:05:00', '2016-12-21 18:05:00'),
(985, 89, 10, 'OUI', '2016-12-21 18:05:00', '2016-12-21 18:05:00'),
(986, 89, 11, '', '2016-12-21 18:05:00', '2016-12-21 18:05:00'),
(987, 89, 15, 'TV', '2016-12-21 18:05:00', '2016-12-21 18:05:00'),
(988, 89, 16, '56', '2016-12-21 18:05:00', '2016-12-21 18:05:00'),
(989, 89, 21, 'Education', '2016-12-21 18:05:00', '2016-12-21 18:05:00'),
(990, 89, 24, 'Isaac', '2016-12-21 18:05:00', '2016-12-21 18:05:00'),
(991, 89, 36, '1964', '2016-12-21 18:05:00', '2016-12-21 18:05:00'),
(992, 89, 45, '7', '2016-12-21 18:05:00', '2016-12-21 18:05:00'),
(993, 90, 15, 'TV', '2016-12-21 18:05:00', '2016-12-21 18:05:00'),
(994, 90, 22, 'Education, Actualité', '2016-12-21 18:05:00', '2016-12-21 18:05:00'),
(995, 90, 30, 'Nos petites joies', '2016-12-21 18:05:00', '2016-12-21 18:05:00'),
(996, 90, 37, 'Vol. 9N° 14', '2016-12-21 18:05:00', '2016-12-21 18:05:00'),
(997, 90, 38, 'Titre: Nos petites joiesP1: Nos petites joiesP2: Un art de vivre', '2016-12-21 18:05:00', '2016-12-21 18:05:00'),
(998, 90, 39, 'Conseil du developpement du loisir scientifique', '2016-12-21 18:05:00', '2016-12-21 18:05:00'),
(999, 90, 40, '9736 - 4883', '2016-12-21 18:05:00', '2016-12-21 18:05:00'),
(1000, 91, 9, ' 00 : 23 MINUTES - MODULE INTITULE ORNITHO', '2016-12-21 18:05:00', '2016-12-21 18:05:00'),
(1001, 91, 10, 'NON', '2016-12-21 18:05:00', '2016-12-21 18:05:00'),
(1002, 91, 12, '2016, 28, Février', '2016-12-21 18:05:00', '2016-12-21 18:05:00'),
(1003, 91, 13, '51 minutes', '2016-12-21 18:05:00', '2016-12-21 18:05:00'),
(1004, 91, 14, 'Endommagé', '2016-12-21 18:05:00', '2016-12-21 18:05:00'),
(1005, 91, 15, 'TV', '2016-12-21 18:05:00', '2016-12-21 18:05:00'),
(1006, 91, 16, '94', '2016-12-21 18:05:00', '2016-12-21 18:05:00'),
(1007, 91, 17, 'Aucune note', '2016-12-21 18:05:00', '2016-12-21 18:05:00'),
(1008, 91, 18, 'Conseil du developpement du loisir scientifique', '2016-12-21 18:05:00', '2016-12-21 18:05:00'),
(1009, 91, 19, 'OUI', '2016-12-21 18:05:00', '2016-12-21 18:05:00'),
(1010, 91, 21, 'Education', '2016-12-21 18:05:00', '2016-12-21 18:05:00'),
(1011, 91, 41, 'Théatre du thé des bois', '2016-12-21 18:05:00', '2016-12-21 18:05:00'),
(1012, 91, 42, 'Variétés', '2016-12-21 18:05:00', '2016-12-21 18:05:00'),
(1013, 91, 43, 'AlexAmélia', '2016-12-21 18:05:00', '2016-12-21 18:05:00'),
(1014, 91, 44, '12 - 9131', '2016-12-21 18:05:00', '2016-12-21 18:05:00'),
(1015, 92, 1, 'Roger', '2016-12-21 18:05:00', '2016-12-21 18:05:00'),
(1016, 92, 2, 'N° 5', '2016-12-21 18:05:00', '2016-12-21 18:05:00'),
(1017, 92, 3, 'Reportage', '2016-12-21 18:05:00', '2016-12-21 18:05:00'),
(1018, 92, 4, '1934, 1988', '2016-12-21 18:05:00', '2016-12-21 18:05:00'),
(1019, 92, 5, '152 MM', '2016-12-21 18:05:00', '2016-12-21 18:05:00'),
(1020, 92, 6, 'Aucune description', '2016-12-21 18:05:00', '2016-12-21 18:05:00'),
(1021, 92, 11, '', '2016-12-21 18:05:00', '2016-12-21 18:05:00'),
(1022, 92, 22, 'Production personnelle, Actualité', '2016-12-21 18:05:00', '2016-12-21 18:05:00'),
(1023, 93, 6, 'Aucune description', '2016-12-21 18:05:00', '2016-12-21 18:05:00'),
(1024, 93, 7, 'Actualité', '2016-12-21 18:05:00', '2016-12-21 18:05:00'),
(1025, 93, 8, 'L, Aucune reproduction', '2016-12-21 18:05:00', '2016-12-21 18:05:00'),
(1026, 93, 9, ' 00 : 23 MINUTES - MODULE INTITULE ORNITHO', '2016-12-21 18:05:00', '2016-12-21 18:05:00'),
(1027, 93, 10, 'OUI', '2016-12-21 18:05:00', '2016-12-21 18:05:00'),
(1028, 93, 12, '2016, 13, Mars', '2016-12-21 18:05:00', '2016-12-21 18:05:00'),
(1029, 93, 13, '57 minutes', '2016-12-21 18:05:00', '2016-12-21 18:05:00'),
(1030, 93, 14, 'L''image saute', '2016-12-21 18:05:00', '2016-12-21 18:05:00'),
(1031, 93, 15, 'TV', '2016-12-21 18:05:00', '2016-12-21 18:05:00'),
(1032, 93, 16, '51', '2016-12-21 18:05:00', '2016-12-21 18:05:00'),
(1033, 93, 17, 'Aucune note', '2016-12-21 18:05:00', '2016-12-21 18:05:00'),
(1034, 93, 18, 'Collectionneurs passionnés de l''estrie', '2016-12-21 18:05:00', '2016-12-21 18:05:00'),
(1035, 93, 19, 'OUI', '2016-12-21 18:05:00', '2016-12-21 18:05:00'),
(1036, 93, 20, 'NON', '2016-12-21 18:05:00', '2016-12-21 18:05:00'),
(1037, 93, 21, 'Actualité', '2016-12-21 18:05:00', '2016-12-21 18:05:00'),
(1038, 93, 22, 'Documentaire, Publicité', '2016-12-21 18:05:00', '2016-12-21 18:05:00'),
(1039, 93, 23, 'Le Caire', '2016-12-21 18:05:00', '2016-12-21 18:05:00'),
(1040, 93, 24, 'Clara', '2016-12-21 18:05:00', '2016-12-21 18:05:00'),
(1041, 94, 1, 'Malik', '2016-12-21 18:05:00', '2016-12-21 18:05:00'),
(1042, 94, 6, 'Aucune description', '2016-12-21 18:05:00', '2016-12-21 18:05:00'),
(1043, 94, 22, 'Publicité, Production personnelle', '2016-12-21 18:05:00', '2016-12-21 18:05:00'),
(1044, 94, 25, '1983', '2016-12-21 18:05:00', '2016-12-21 18:05:00'),
(1045, 94, 26, 'IP13', '2016-12-21 18:05:00', '2016-12-21 18:05:00'),
(1046, 94, 27, 'Paris', '2016-12-21 18:05:00', '2016-12-21 18:05:00'),
(1047, 94, 28, '', '2016-12-21 18:05:00', '2016-12-21 18:05:00'),
(1048, 94, 29, 'Antony, Justine', '2016-12-21 18:05:00', '2016-12-21 18:05:00'),
(1049, 94, 31, 'Théatre du sang neuf', '2016-12-21 18:05:00', '2016-12-21 18:05:00'),
(1050, 95, 1, 'Roger', '2016-12-21 18:05:00', '2016-12-21 18:05:00'),
(1051, 95, 4, '1932, 1982', '2016-12-21 18:05:00', '2016-12-21 18:05:00'),
(1052, 95, 15, 'TV', '2016-12-21 18:05:00', '2016-12-21 18:05:00'),
(1053, 95, 26, 'IP13', '2016-12-21 18:05:00', '2016-12-21 18:05:00'),
(1054, 95, 28, '', '2016-12-21 18:05:00', '2016-12-21 18:05:00'),
(1055, 95, 29, 'Rollan, Juliette', '2016-12-21 18:05:00', '2016-12-21 18:05:00'),
(1056, 95, 30, 'Nos petites joies', '2016-12-21 18:05:00', '2016-12-21 18:05:00'),
(1057, 95, 32, 'Jakarta', '2016-12-21 18:05:00', '2016-12-21 18:05:00'),
(1058, 95, 33, '7', '2016-12-21 18:05:00', '2016-12-21 18:05:00'),
(1059, 95, 34, '7 CM = 562 M', '2016-12-21 18:05:00', '2016-12-21 18:05:00'),
(1060, 95, 35, '60 CM * 57 CM', '2016-12-21 18:05:00', '2016-12-21 18:05:00'),
(1061, 96, 6, 'Aucune description', '2016-12-21 18:05:00', '2016-12-21 18:05:00'),
(1062, 96, 8, 'L, Aucune reproduction', '2016-12-21 18:05:00', '2016-12-21 18:05:00'),
(1063, 96, 10, 'NON', '2016-12-21 18:05:00', '2016-12-21 18:05:00'),
(1064, 96, 11, '', '2016-12-21 18:05:00', '2016-12-21 18:05:00'),
(1065, 96, 15, 'TV', '2016-12-21 18:05:00', '2016-12-21 18:05:00'),
(1066, 96, 16, '72', '2016-12-21 18:05:00', '2016-12-21 18:05:00'),
(1067, 96, 21, 'Actualité', '2016-12-21 18:05:00', '2016-12-21 18:05:00'),
(1068, 96, 24, 'Chloé', '2016-12-21 18:05:00', '2016-12-21 18:05:00'),
(1069, 96, 36, '1941', '2016-12-21 18:05:00', '2016-12-21 18:05:00'),
(1070, 96, 45, '22', '2016-12-21 18:05:00', '2016-12-21 18:05:00'),
(1071, 97, 15, 'TV', '2016-12-21 18:05:00', '2016-12-21 18:05:00'),
(1072, 97, 22, 'Education, Publicité', '2016-12-21 18:05:00', '2016-12-21 18:05:00'),
(1073, 97, 30, 'Un art de vivre', '2016-12-21 18:05:00', '2016-12-21 18:05:00'),
(1074, 97, 37, 'Vol. 9N° 8', '2016-12-21 18:05:00', '2016-12-21 18:05:00'),
(1075, 97, 38, 'Titre: Les joies de la télévisionP1: Nos petites joiesP2: Nos petites joies', '2016-12-21 18:05:00', '2016-12-21 18:05:00'),
(1076, 97, 39, 'Théatre du thé des bois', '2016-12-21 18:05:00', '2016-12-21 18:05:00'),
(1077, 97, 40, '6351 - 0775', '2016-12-21 18:05:00', '2016-12-21 18:05:00'),
(1078, 98, 9, '00 : 00 MINUTE MODULE INTITULE ENTOMO', '2016-12-21 18:05:00', '2016-12-21 18:05:00'),
(1079, 98, 10, 'NON', '2016-12-21 18:05:00', '2016-12-21 18:05:00'),
(1080, 98, 12, '2016, 22, Juin', '2016-12-21 18:05:00', '2016-12-21 18:05:00'),
(1081, 98, 13, '21 minutes', '2016-12-21 18:05:00', '2016-12-21 18:05:00'),
(1082, 98, 14, 'la video n''a pas d''audio', '2016-12-21 18:05:00', '2016-12-21 18:05:00'),
(1083, 98, 15, 'TV', '2016-12-21 18:05:00', '2016-12-21 18:05:00'),
(1084, 98, 16, '76', '2016-12-21 18:05:00', '2016-12-21 18:05:00'),
(1085, 98, 17, 'Aucune note', '2016-12-21 18:05:00', '2016-12-21 18:05:00'),
(1086, 98, 18, 'Théatre du thé des bois', '2016-12-21 18:05:00', '2016-12-21 18:05:00'),
(1087, 98, 19, 'OUI', '2016-12-21 18:05:00', '2016-12-21 18:05:00'),
(1088, 98, 21, 'Education', '2016-12-21 18:05:00', '2016-12-21 18:05:00'),
(1089, 98, 41, 'Théatre du sang neuf', '2016-12-21 18:05:00', '2016-12-21 18:05:00'),
(1090, 98, 42, 'Variétés', '2016-12-21 18:05:00', '2016-12-21 18:05:00'),
(1091, 98, 43, 'MalicBertran', '2016-12-21 18:05:00', '2016-12-21 18:05:00'),
(1092, 98, 44, '42 - 4488', '2016-12-21 18:05:00', '2016-12-21 18:05:00'),
(1093, 99, 1, 'Antony', '2016-12-21 18:05:00', '2016-12-21 18:05:00'),
(1094, 99, 2, 'N° 31', '2016-12-21 18:05:00', '2016-12-21 18:05:00'),
(1095, 99, 3, 'Reportage', '2016-12-21 18:05:00', '2016-12-21 18:05:00'),
(1096, 99, 4, '1940, 1976', '2016-12-21 18:05:00', '2016-12-21 18:05:00'),
(1097, 99, 5, '1 MM', '2016-12-21 18:05:00', '2016-12-21 18:05:00'),
(1098, 99, 6, 'Aucune description', '2016-12-21 18:05:00', '2016-12-21 18:05:00'),
(1099, 99, 11, '', '2016-12-21 18:05:00', '2016-12-21 18:05:00'),
(1100, 99, 22, 'Actualité, Actualité', '2016-12-21 18:05:00', '2016-12-21 18:05:00'),
(1101, 100, 6, 'Aucune description', '2016-12-21 18:05:00', '2016-12-21 18:05:00'),
(1102, 100, 7, 'Production personnelle', '2016-12-21 18:05:00', '2016-12-21 18:05:00'),
(1103, 100, 8, 'L, Aucune reproduction', '2016-12-21 18:05:00', '2016-12-21 18:05:00'),
(1104, 100, 9, ' 00 : 23 MINUTES - MODULE INTITULE ORNITHO', '2016-12-21 18:05:00', '2016-12-21 18:05:00'),
(1105, 100, 10, 'OUI', '2016-12-21 18:05:00', '2016-12-21 18:05:00'),
(1106, 100, 12, '2016, 20, Mais', '2016-12-21 18:05:00', '2016-12-21 18:05:00'),
(1107, 100, 13, '27 minutes', '2016-12-21 18:05:00', '2016-12-21 18:05:00'),
(1108, 100, 14, 'la video n''a pas d''audio', '2016-12-21 18:05:00', '2016-12-21 18:05:00'),
(1109, 100, 15, 'TV', '2016-12-21 18:05:00', '2016-12-21 18:05:00'),
(1110, 100, 16, '32', '2016-12-21 18:05:00', '2016-12-21 18:05:00'),
(1111, 100, 17, 'Aucune note', '2016-12-21 18:05:00', '2016-12-21 18:05:00'),
(1112, 100, 18, 'Conseil du developpement du loisir scientifique', '2016-12-21 18:05:00', '2016-12-21 18:05:00'),
(1113, 100, 19, 'OUI', '2016-12-21 18:05:00', '2016-12-21 18:05:00'),
(1114, 100, 20, 'OUI', '2016-12-21 18:05:00', '2016-12-21 18:05:00'),
(1115, 100, 21, 'Culture', '2016-12-21 18:05:00', '2016-12-21 18:05:00'),
(1116, 100, 22, 'Education, Education', '2016-12-21 18:05:00', '2016-12-21 18:05:00'),
(1117, 100, 23, 'Berlin', '2016-12-21 18:05:00', '2016-12-21 18:05:00'),
(1118, 100, 24, 'Michael', '2016-12-21 18:05:00', '2016-12-21 18:05:00'),
(1119, 1, 6, '14 MUSICIENS ACCOMPAGNENT LA CHANTEUSE GINETTE LABBE. SUR LA 1ERE RANGEE : 5 SAXOPHONISTES DONT 3 ONT UNE CLARINETTE PRÔS DE LEUR LUTRIN ET A DROITE, LE SAXOPHONISTE SERGE GARANT PRES DE LA CHANTEUSE GINETTE LABBE QUI PORTE UNE ROBE LONGUE A MANCHES COURTES. SUR LA 2E RANGEE : 3 TROMBONISTES, UN CONTREBASSISTE ET UN PIANISTE. SUR LA 3E RANGEE : 3 TROMPETTISTES ET UN PERCUSSIONNISTE. EN HAUT, A L''ARRIERE-SCENE, EST SUSPENDUE L''AFFICHE DON ELLIS AND HIS ORCHESTRA.', '2016-12-21 18:05:00', '2016-12-21 18:05:00'),
(1120, 1, 8, 'L', '2016-12-21 18:05:00', '2016-12-21 18:05:00'),
(1121, 1, 10, 'NON', '2016-12-21 18:05:00', '2016-12-21 18:05:00'),
(1122, 1, 11, 'CPN', '2016-12-21 18:05:00', '2016-12-21 18:05:00'),
(1123, 1, 15, 'R', '2016-12-21 18:05:00', '2016-12-21 18:05:00'),
(1124, 1, 16, '43L 1', '2016-12-21 18:05:00', '2016-12-21 18:05:00'),
(1125, 1, 21, 'DON ELLIS AND HIS ORCHESTRA', '2016-12-21 18:05:00', '2016-12-21 18:05:00'),
(1126, 1, 24, 'GROUPES; MUSICIENS, CHANTEURS, ACTEURS, GENS DE SPECTACLE, DE CIRQUE', '2016-12-21 18:05:00', '2016-12-21 18:05:00'),
(1127, 1, 36, '1949', '2016-12-21 18:05:00', '2016-12-21 18:05:00'),
(1128, 1, 45, '', '2016-12-21 18:05:00', '2016-12-21 18:05:00'),
(1129, 2, 6, 'PONT ENJAMBANT UN COURS D''EAU DANS LE PARC SILVER LAKE À ROCHESTER, MINN', '2016-12-21 18:05:00', '2016-12-21 18:05:00'),
(1130, 2, 8, 'L', '2016-12-21 18:05:00', '2016-12-21 18:05:00'),
(1131, 2, 10, 'OUI, ET, NON', '2016-12-21 18:05:00', '2016-12-21 18:05:00'),
(1132, 2, 11, 'AL', '2016-12-21 18:05:00', '2016-12-21 18:05:00'),
(1133, 2, 15, 'R', '2016-12-21 18:05:00', '2016-12-21 18:05:00'),
(1134, 2, 16, '61 1.1 A 1.120', '2016-12-21 18:05:00', '2016-12-21 18:05:00'),
(1135, 2, 21, 'COLLECTION DE CARTES POSTALES EN ALBUM', '2016-12-21 18:05:00', '2016-12-21 18:05:00'),
(1136, 2, 24, 'Divers', '2016-12-21 18:05:00', '2016-12-21 18:05:00'),
(1137, 2, 36, '1940, A, 1950', '2016-12-21 18:05:00', '2016-12-21 18:05:00'),
(1138, 2, 45, '', '2016-12-21 18:05:00', '2016-12-21 18:05:00'),
(1139, 3, 6, '1.1 EGLISE DE PIERRE AVEC VOUTE ABRITANT UNE STATUE. FENETRE EN ARC. A L''AVANT-PLAN, DEBRIS DE BOIS ENCOMBRENT L''ENTREE DE L''EGLISE. UNE MERE ET SON ENFANT SE TIENNENT PRES DES DEBRIS.', '2016-12-21 18:05:00', '2016-12-21 18:05:00'),
(1140, 3, 8, 'L', '2016-12-21 18:05:00', '2016-12-21 18:05:00'),
(1141, 3, 10, 'NON', '2016-12-21 18:05:00', '2016-12-21 18:05:00'),
(1142, 3, 11, 'DN', '2016-12-21 18:05:00', '2016-12-21 18:05:00'),
(1143, 3, 15, 'ALD', '2016-12-21 18:05:00', '2016-12-21 18:05:00'),
(1144, 3, 16, '34D 1.1', '2016-12-21 18:05:00', '2016-12-21 18:05:00'),
(1145, 3, 21, 'DESASTRE DANS UNE REGION INCONNUE', '2016-12-21 18:05:00', '2016-12-21 18:05:00'),
(1146, 3, 24, 'N/A', '2016-12-21 18:05:00', '2016-12-21 18:05:00'),
(1147, 3, 36, '1925', '2016-12-21 18:05:00', '2016-12-21 18:05:00'),
(1148, 3, 45, '', '2016-12-21 18:05:00', '2016-12-21 18:05:00'),
(1149, 4, 6, 'PORTRAIT DE VICTOR HUGO', '2016-12-21 18:05:00', '2016-12-21 18:05:00'),
(1150, 4, 8, 'L', '2016-12-21 18:05:00', '2016-12-21 18:05:00'),
(1151, 4, 10, 'NON', '2016-12-21 18:05:00', '2016-12-21 18:05:00'),
(1152, 4, 11, 'IMN', '2016-12-21 18:05:00', '2016-12-21 18:05:00'),
(1153, 4, 15, 'R', '2016-12-21 18:05:00', '2016-12-21 18:05:00'),
(1154, 4, 16, '61 1', '2016-12-21 18:05:00', '2016-12-21 18:05:00'),
(1155, 4, 21, 'VICTOR HUGO', '2016-12-21 18:05:00', '2016-12-21 18:05:00'),
(1156, 4, 24, 'Inconnu', '2016-12-21 18:05:00', '2016-12-21 18:05:00'),
(1157, 4, 36, '1885', '2016-12-21 18:05:00', '2016-12-21 18:05:00'),
(1158, 4, 45, '', '2016-12-21 18:05:00', '2016-12-21 18:05:00'),
(1159, 5, 6, 'UN PONT EN FER AVEC 2 ARCHES SUR DES PILIERS DE CIMENT AU CENTRE ET AUX EXTREMITES TRAVERSENT LA RIVIERE ST-RANCOIS. NOUS APPERCEVONS 3 PERSONNES ADOSSEES AU GARDE FOU DE LA RIVIERE.', '2016-12-21 18:05:00', '2016-12-21 18:05:00'),
(1160, 5, 8, 'L', '2016-12-21 18:05:00', '2016-12-21 18:05:00'),
(1161, 5, 10, 'NON', '2016-12-21 18:05:00', '2016-12-21 18:05:00'),
(1162, 5, 11, 'CPN', '2016-12-21 18:05:00', '2016-12-21 18:05:00'),
(1163, 5, 15, 'R', '2016-12-21 18:05:00', '2016-12-21 18:05:00'),
(1164, 5, 16, '55 1', '2016-12-21 18:05:00', '2016-12-21 18:05:00'),
(1165, 5, 21, 'ST-FRANCIS RIVER BRIDGE, SHERBROOKE, QUE', '2016-12-21 18:05:00', '2016-12-21 18:05:00'),
(1166, 5, 24, 'N/A', '2016-12-21 18:05:00', '2016-12-21 18:05:00'),
(1167, 5, 36, '1899-1929', '2016-12-21 18:05:00', '2016-12-21 18:05:00'),
(1168, 5, 45, '', '2016-12-21 18:05:00', '2016-12-21 18:05:00'),
(1169, 6, 6, 'VUE DE L''INTERIEUR DE L''EGLISE A BEAUVOIR, VOILA CE COEUR QUI A TORD AIME LES HOMMES', '2016-12-21 18:05:00', '2016-12-21 18:05:00'),
(1170, 6, 8, 'L', '2016-12-21 18:05:00', '2016-12-21 18:05:00'),
(1171, 6, 10, 'OUI', '2016-12-21 18:05:00', '2016-12-21 18:05:00'),
(1172, 6, 11, 'CPC', '2016-12-21 18:05:00', '2016-12-21 18:05:00'),
(1173, 6, 15, 'R', '2016-12-21 18:05:00', '2016-12-21 18:05:00'),
(1174, 6, 16, '13E 1', '2016-12-21 18:05:00', '2016-12-21 18:05:00'),
(1175, 6, 21, 'INTERIEUR DE L''EGLISE A BEAUVOIR', '2016-12-21 18:05:00', '2016-12-21 18:05:00'),
(1176, 6, 24, 'N/A', '2016-12-21 18:05:00', '2016-12-21 18:05:00'),
(1177, 6, 36, '1960', '2016-12-21 18:05:00', '2016-12-21 18:05:00'),
(1178, 6, 45, '', '2016-12-21 18:05:00', '2016-12-21 18:05:00'),
(1179, 7, 6, 'MOSAIQUE COMPRENANT, AU CENTRE, UNE PHOTO DE L''HOPITAL ST-VINCENT DE PAUL ET, TOUT AUTOUR, LES PORTRAITS DE DIX DAMES CHARITABLES ORGANISATRICES DU TAG DAY: MME T.C.CABANA, MME J.H.LANAY, MME C.E.BRADFORD, MME E.SYLVESTRE, MME M.O''BREADY, MME W.M. MCMANAMY, MLLE A.DUSSAULT, MME W.TALBOT, MLLE E.HUDON ET MME J.E.NOEL.', '2016-12-21 18:05:00', '2016-12-21 18:05:00'),
(1180, 7, 8, 'L', '2016-12-21 18:05:00', '2016-12-21 18:05:00'),
(1181, 7, 10, 'NON', '2016-12-21 18:05:00', '2016-12-21 18:05:00'),
(1182, 7, 11, 'MO', '2016-12-21 18:05:00', '2016-12-21 18:05:00'),
(1183, 7, 15, 'R', '2016-12-21 18:05:00', '2016-12-21 18:05:00'),
(1184, 7, 16, '43N 1', '2016-12-21 18:05:00', '2016-12-21 18:05:00'),
(1185, 7, 21, 'LES ORGANISATEURS DU TAG DAY A L''HOPITAL ST-VINCENT DE PAUL', '2016-12-21 18:05:00', '2016-12-21 18:05:00'),
(1186, 7, 24, 'GROUPES; ASSOCIATIONS DIVERSES', '2016-12-21 18:05:00', '2016-12-21 18:05:00'),
(1187, 7, 36, '1910', '2016-12-21 18:05:00', '2016-12-21 18:05:00'),
(1188, 7, 45, '', '2016-12-21 18:05:00', '2016-12-21 18:05:00'),
(1189, 8, 6, 'INSCRIPTION SUR L''AFFICHES: "CHANTEUR, GUITARISTE, LE JOKER". EN BAS, "COUNTRY, RETRO, DANSE SOCIALE". - PANNEAU PUBLICITAIRE OU L''ON Y VOIT UN HOMME DE DOS PORTANT UN CHAPEAU DE COWBOY. IL PORTE SA GUITAIRE SUR SON DOS. EN ARRIERE-PLAN, DES ARBRES.', '2016-12-21 18:05:00', '2016-12-21 18:05:00'),
(1190, 8, 8, 'L', '2016-12-21 18:05:00', '2016-12-21 18:05:00'),
(1191, 8, 10, 'OUI', '2016-12-21 18:05:00', '2016-12-21 18:05:00'),
(1192, 8, 11, 'PC', '2016-12-21 18:05:00', '2016-12-21 18:05:00'),
(1193, 8, 15, 'R', '2016-12-21 18:05:00', '2016-12-21 18:05:00'),
(1194, 8, 16, '122 1.1 A 1.2', '2016-12-21 18:05:00', '2016-12-21 18:05:00'),
(1195, 8, 21, 'LE JOKER, CHANTEUR ET GUITARISTE', '2016-12-21 18:05:00', '2016-12-21 18:05:00'),
(1196, 8, 24, 'LE JOKER, CHANTEUR ET GUITARISTE', '2016-12-21 18:05:00', '2016-12-21 18:05:00'),
(1197, 8, 36, '2000', '2016-12-21 18:05:00', '2016-12-21 18:05:00'),
(1198, 8, 45, '', '2016-12-21 18:05:00', '2016-12-21 18:05:00'),
(1199, 9, 6, 'COURSE DE CANOTS ET VOILIERS SUR LE LAC MASSAWIPPI A NORTH HATLEY.', '2016-12-21 18:05:00', '2016-12-21 18:05:00'),
(1200, 9, 8, 'L', '2016-12-21 18:05:00', '2016-12-21 18:05:00'),
(1201, 9, 10, 'OUI', '2016-12-21 18:05:00', '2016-12-21 18:05:00'),
(1202, 9, 11, 'CPM', '2016-12-21 18:05:00', '2016-12-21 18:05:00'),
(1203, 9, 15, 'R', '2016-12-21 18:05:00', '2016-12-21 18:05:00'),
(1204, 9, 16, '22A 1', '2016-12-21 18:05:00', '2016-12-21 18:05:00'),
(1205, 9, 21, 'VIEW ON MASSAWIPPI LAKE, REGATA DAY, NORTH HATLEY', '2016-12-21 18:05:00', '2016-12-21 18:05:00'),
(1206, 9, 24, 'N/A', '2016-12-21 18:05:00', '2016-12-21 18:05:00'),
(1207, 9, 36, '1900', '2016-12-21 18:05:00', '2016-12-21 18:05:00'),
(1208, 9, 45, '', '2016-12-21 18:05:00', '2016-12-21 18:05:00'),
(1209, 10, 6, 'VUE SUR LA RUE DUFFERIN DANS LES ANNEES 1920. ON APERCOIT PLUSIEURS BATIMENTS: EASTERN TOWNSHIPS BANK, LE BUREAU DE POSTE ET L''HOTEL MAGOG ENTRE AUTRES.', '2016-12-21 18:05:00', '2016-12-21 18:05:00'),
(1210, 10, 8, 'L', '2016-12-21 18:05:00', '2016-12-21 18:05:00'),
(1211, 10, 10, 'NON', '2016-12-21 18:05:00', '2016-12-21 18:05:00'),
(1212, 10, 11, 'DN', '2016-12-21 18:05:00', '2016-12-21 18:05:00'),
(1213, 10, 15, 'ALD', '2016-12-21 18:05:00', '2016-12-21 18:05:00'),
(1214, 10, 16, '31D 5', '2016-12-21 18:05:00', '2016-12-21 18:05:00'),
(1215, 10, 21, 'RUE DUFFERIN', '2016-12-21 18:05:00', '2016-12-21 18:05:00'),
(1216, 10, 24, 'N/A', '2016-12-21 18:05:00', '2016-12-21 18:05:00'),
(1217, 10, 36, '1920', '2016-12-21 18:05:00', '2016-12-21 18:05:00'),
(1218, 10, 45, '', '2016-12-21 18:05:00', '2016-12-21 18:05:00'),
(1219, 11, 6, 'VUE SUR LE PAVILLON ARMAND NADEAU SITUE AU PARC JACQUES CARTIER A SHERBROOKE. UNE PARTIE DE LA RUE ESPLANADE QUI LONGE LE LAC DES NATIONS EST VUE SOUS DIFFERENTS ANGLES.', '2016-12-21 18:05:00', '2016-12-21 18:05:00'),
(1220, 11, 8, 'L', '2016-12-21 18:05:00', '2016-12-21 18:05:00'),
(1221, 11, 10, 'NON', '2016-12-21 18:05:00', '2016-12-21 18:05:00'),
(1222, 11, 11, 'PLC', '2016-12-21 18:05:00', '2016-12-21 18:05:00'),
(1223, 11, 15, 'R', '2016-12-21 18:05:00', '2016-12-21 18:05:00'),
(1224, 11, 16, '31B 1 1.1 A 1.3', '2016-12-21 18:05:00', '2016-12-21 18:05:00'),
(1225, 11, 21, 'LE PARC JACQUES-CARTIER ET LA RUE ESPLANADE A SHERBROOKE.', '2016-12-21 18:05:00', '2016-12-21 18:05:00'),
(1226, 11, 24, 'N/A', '2016-12-21 18:05:00', '2016-12-21 18:05:00'),
(1227, 11, 36, '1978', '2016-12-21 18:05:00', '2016-12-21 18:05:00'),
(1228, 11, 45, '', '2016-12-21 18:05:00', '2016-12-21 18:05:00'),
(1229, 12, 6, '1.1 GARAGE MCHOLL FRONTENAC, RED INDIAN STATION, 172 WELLINGTON SUD, MAINTENANT LE 398. 1.2 BRIERE ET BRISSON, SOUDURE, 156 WELL. SUD (MAINTENANT 356). 1.3 4 PERSONNES (3 HOMMES & 1 FEMME) SUR LA GALERIE. MAISON D''EDDY RAWLINGS, 147 WELLINGTON SUD. 1.4 JEUNE HOMME EN MAILLOT DE BAIN, LES PIEDS DANS L''EAU. 1.5 DES PERSONNES DANS UN CAMION ENTOURE D''EAU. 1.6 UNE AUTO DANS L''EAU JUSQU''A LA MOITIE DES ROUES. 1.7 CHARRETTE TIREE PAR DES CHEVAUX. 1.8 UNE DAME SUR UNE GALERIE TIENT UN CHIEN DANS SES BRAS.', '2016-12-21 18:05:00', '2016-12-21 18:05:00'),
(1230, 12, 8, 'L', '2016-12-21 18:05:00', '2016-12-21 18:05:00'),
(1231, 12, 10, 'NON', '2016-12-21 18:05:00', '2016-12-21 18:05:00'),
(1232, 12, 11, 'PLC', '2016-12-21 18:05:00', '2016-12-21 18:05:00'),
(1233, 12, 15, 'R', '2016-12-21 18:05:00', '2016-12-21 18:05:00'),
(1234, 12, 16, '33B 1.1 A 1.8', '2016-12-21 18:05:00', '2016-12-21 18:05:00'),
(1235, 12, 21, 'INONDATION A SHERBROOKE EN 1943', '2016-12-21 18:05:00', '2016-12-21 18:05:00'),
(1236, 12, 24, 'N/A', '2016-12-21 18:05:00', '2016-12-21 18:05:00'),
(1237, 12, 36, '1995, REPRODUCTION, DE, 1943', '2016-12-21 18:05:00', '2016-12-21 18:05:00'),
(1238, 12, 45, '', '2016-12-21 18:05:00', '2016-12-21 18:05:00');

-- --------------------------------------------------------

--
-- Table structure for table `card_attributes`
--

CREATE TABLE `card_attributes` (
  `id` int(10) UNSIGNED NOT NULL,
  `name_fr` varchar(255) COLLATE utf8_unicode_ci NOT NULL,
  `name_en` varchar(255) COLLATE utf8_unicode_ci NOT NULL,
  `hide_if_empty` tinyint(4) NOT NULL,
  `user_permit_level` tinyint(4) NOT NULL,
  `created_at` timestamp NULL DEFAULT NULL,
  `updated_at` timestamp NULL DEFAULT NULL
) ENGINE=InnoDB DEFAULT CHARSET=utf8 COLLATE=utf8_unicode_ci;

--
-- Dumping data for table `card_attributes`
--

INSERT INTO `card_attributes` (`id`, `name_fr`, `name_en`, `hide_if_empty`, `user_permit_level`, `created_at`, `updated_at`) VALUES
(1, 'Donateur', 'Donor', 0, 4, '2016-12-21 18:05:00', '2016-12-21 18:05:00'),
(2, 'Numéro d''article', 'Article Number', 0, 4, '2016-12-21 18:05:00', '2016-12-21 18:05:00'),
(3, 'Titre type', 'Title Type', 0, 4, '2016-12-21 18:05:00', '2016-12-21 18:05:00'),
(4, 'Date', 'Date', 0, 4, '2016-12-21 18:05:00', '2016-12-21 18:05:00'),
(5, 'Épaisseur', 'Thickness', 0, 4, '2016-12-21 18:05:00', '2016-12-21 18:05:00'),
(6, 'Description', 'Description', 0, 4, '2016-12-21 18:05:00', '2016-12-21 18:05:00'),
(7, 'Catégorie production', 'Production Category', 0, 4, '2016-12-21 18:05:00', '2016-12-21 18:05:00'),
(8, 'Consultation', 'Consultation', 0, 4, '2016-12-21 18:05:00', '2016-12-21 18:05:00'),
(9, 'Chronométrage', 'Timing', 0, 4, '2016-12-21 18:05:00', '2016-12-21 18:05:00'),
(10, 'Couleur', 'Color', 0, 4, '2016-12-21 18:05:00', '2016-12-21 18:05:00'),
(11, 'Code support', 'Support Code', 0, 4, '2016-12-21 18:05:00', '2016-12-21 18:05:00'),
(12, 'Date production', 'Production Date', 0, 4, '2016-12-21 18:05:00', '2016-12-21 18:05:00'),
(13, 'Durée', 'Length', 0, 4, '2016-12-21 18:05:00', '2016-12-21 18:05:00'),
(14, 'État document', 'Document State', 0, 1, '2016-12-21 18:05:00', '2016-12-21 18:05:00'),
(15, 'Localisation', 'Location', 0, 4, '2016-12-21 18:05:00', '2016-12-21 18:05:00'),
(16, 'Numéro du document', 'Document Number', 0, 4, '2016-12-21 18:05:00', '2016-12-21 18:05:00'),
(17, 'Notes', 'Notes', 1, 4, '2016-12-21 18:05:00', '2016-12-21 18:05:00'),
(18, 'Responsabilité', 'Responsability', 0, 4, '2016-12-21 18:05:00', '2016-12-21 18:05:00'),
(19, 'Retranscription', 'Transcription', 0, 4, '2016-12-21 18:05:00', '2016-12-21 18:05:00'),
(20, 'Son integré', 'Integrated sound', 0, 4, '2016-12-21 18:05:00', '2016-12-21 18:05:00'),
(21, 'Sujet principal', 'Main subject', 0, 4, '2016-12-21 18:05:00', '2016-12-21 18:05:00'),
(22, 'Sujets', 'Subjects', 1, 4, '2016-12-21 18:05:00', '2016-12-21 18:05:00'),
(23, 'Lieux', 'Places', 1, 4, '2016-12-21 18:05:00', '2016-12-21 18:05:00'),
(24, 'Personnages', 'Figures', 1, 4, '2016-12-21 18:05:00', '2016-12-21 18:05:00'),
(25, 'Date d''édition', 'Edition date', 0, 4, '2016-12-21 18:05:00', '2016-12-21 18:05:00'),
(26, 'Cote', 'Cote', 0, 4, '2016-12-21 18:05:00', '2016-12-21 18:05:00'),
(27, 'Lieu d''édition', 'Edition Place', 0, 4, '2016-12-21 18:05:00', '2016-12-21 18:05:00'),
(28, 'Remarques', 'Remarks', 0, 4, '2016-12-21 18:05:00', '2016-12-21 18:05:00'),
(29, 'Auteur', 'Author', 0, 4, '2016-12-21 18:05:00', '2016-12-21 18:05:00'),
(30, 'Titre', 'Title', 0, 4, '2016-12-21 18:05:00', '2016-12-21 18:05:00'),
(31, 'Éditeur', 'Publisher', 0, 4, '2016-12-21 18:05:00', '2016-12-21 18:05:00'),
(32, 'Territoire', 'Territory', 0, 4, '2016-12-21 18:05:00', '2016-12-21 18:05:00'),
(33, 'Nombre d''exemplaires', 'Number of Copies', 0, 4, '2016-12-21 18:05:00', '2016-12-21 18:05:00'),
(34, 'Échelle', 'Scale', 0, 4, '2016-12-21 18:05:00', '2016-12-21 18:05:00'),
(35, 'Dimension', 'Dimension', 0, 4, '2016-12-21 18:05:00', '2016-12-21 18:05:00'),
(36, 'Date de création', 'Creation date', 0, 4, '2016-12-21 18:05:00', '2016-12-21 18:05:00'),
(37, 'Numéro volume', 'Volume Number', 0, 4, '2016-12-21 18:05:00', '2016-12-21 18:05:00'),
(38, 'Table des matières', 'Table of Contents', 0, 4, '2016-12-21 18:05:00', '2016-12-21 18:05:00'),
(39, 'Édition', 'Edition', 0, 4, '2016-12-21 18:05:00', '2016-12-21 18:05:00'),
(40, 'ISSN', 'ISSN', 0, 4, '2016-12-21 18:05:00', '2016-12-21 18:05:00'),
(41, 'Compagnie production', 'Production Company', 0, 4, '2016-12-21 18:05:00', '2016-12-21 18:05:00'),
(42, 'Categorie', 'Category', 0, 4, '2016-12-21 18:05:00', '2016-12-21 18:05:00'),
(43, 'Interprète', 'interpreter', 0, 4, '2016-12-21 18:05:00', '2016-12-21 18:05:00'),
(44, 'Numéro de compagnie', 'Company Number', 0, 4, '2016-12-21 18:05:00', '2016-12-21 18:05:00'),
(45, 'Numéro du négatif', 'Negative Number', 0, 1, '2016-12-21 18:05:00', '2016-12-21 18:05:00');

-- --------------------------------------------------------

--
-- Table structure for table `card_attribute_types`
--

CREATE TABLE `card_attribute_types` (
  `id` int(10) UNSIGNED NOT NULL,
  `card_type_id` int(10) UNSIGNED NOT NULL,
  `card_attribute_id` int(10) UNSIGNED NOT NULL,
  `position` int(11) NOT NULL,
  `created_at` timestamp NULL DEFAULT NULL,
  `updated_at` timestamp NULL DEFAULT NULL
) ENGINE=InnoDB DEFAULT CHARSET=utf8 COLLATE=utf8_unicode_ci;

--
-- Dumping data for table `card_attribute_types`
--

INSERT INTO `card_attribute_types` (`id`, `card_type_id`, `card_attribute_id`, `position`, `created_at`, `updated_at`) VALUES
(1, 1, 1, 1, '2016-12-21 18:05:00', '2016-12-21 18:05:00'),
(2, 3, 1, 1, '2016-12-21 18:05:00', '2016-12-21 18:05:00'),
(3, 4, 1, 1, '2016-12-21 18:05:00', '2016-12-21 18:05:00'),
(4, 1, 2, 2, '2016-12-21 18:05:00', '2016-12-21 18:05:00'),
(5, 1, 3, 3, '2016-12-21 18:05:00', '2016-12-21 18:05:00'),
(6, 1, 4, 4, '2016-12-21 18:05:00', '2016-12-21 18:05:00'),
(7, 6, 4, 1, '2016-12-21 18:05:00', '2016-12-21 18:05:00'),
(8, 1, 5, 5, '2016-12-21 18:05:00', '2016-12-21 18:05:00'),
(9, 1, 6, 6, '2016-12-21 18:05:00', '2016-12-21 18:05:00'),
(10, 2, 6, 1, '2016-12-21 18:05:00', '2016-12-21 18:05:00'),
(11, 3, 6, 2, '2016-12-21 18:05:00', '2016-12-21 18:05:00'),
(12, 5, 6, 1, '2016-12-21 18:05:00', '2016-12-21 18:05:00'),
(13, 2, 7, 2, '2016-12-21 18:05:00', '2016-12-21 18:05:00'),
(14, 2, 8, 3, '2016-12-21 18:05:00', '2016-12-21 18:05:00'),
(15, 5, 8, 2, '2016-12-21 18:05:00', '2016-12-21 18:05:00'),
(16, 2, 9, 4, '2016-12-21 18:05:00', '2016-12-21 18:05:00'),
(17, 7, 9, 1, '2016-12-21 18:05:00', '2016-12-21 18:05:00'),
(18, 2, 10, 5, '2016-12-21 18:05:00', '2016-12-21 18:05:00'),
(19, 5, 10, 3, '2016-12-21 18:05:00', '2016-12-21 18:05:00'),
(20, 7, 10, 2, '2016-12-21 18:05:00', '2016-12-21 18:05:00'),
(21, 1, 11, 7, '2016-12-21 18:05:00', '2016-12-21 18:05:00'),
(22, 5, 11, 4, '2016-12-21 18:05:00', '2016-12-21 18:05:00'),
(23, 2, 12, 6, '2016-12-21 18:05:00', '2016-12-21 18:05:00'),
(24, 7, 12, 3, '2016-12-21 18:05:00', '2016-12-21 18:05:00'),
(25, 2, 13, 7, '2016-12-21 18:05:00', '2016-12-21 18:05:00'),
(26, 7, 13, 4, '2016-12-21 18:05:00', '2016-12-21 18:05:00'),
(27, 2, 14, 8, '2016-12-21 18:05:00', '2016-12-21 18:05:00'),
(28, 7, 14, 5, '2016-12-21 18:05:00', '2016-12-21 18:05:00'),
(29, 2, 15, 9, '2016-12-21 18:05:00', '2016-12-21 18:05:00'),
(30, 4, 15, 2, '2016-12-21 18:05:00', '2016-12-21 18:05:00'),
(31, 5, 15, 5, '2016-12-21 18:05:00', '2016-12-21 18:05:00'),
(32, 6, 15, 2, '2016-12-21 18:05:00', '2016-12-21 18:05:00'),
(33, 7, 15, 6, '2016-12-21 18:05:00', '2016-12-21 18:05:00'),
(34, 2, 16, 10, '2016-12-21 18:05:00', '2016-12-21 18:05:00'),
(35, 5, 16, 6, '2016-12-21 18:05:00', '2016-12-21 18:05:00'),
(36, 7, 16, 7, '2016-12-21 18:05:00', '2016-12-21 18:05:00'),
(37, 2, 17, 11, '2016-12-21 18:05:00', '2016-12-21 18:05:00'),
(38, 7, 17, 8, '2016-12-21 18:05:00', '2016-12-21 18:05:00'),
(39, 2, 18, 12, '2016-12-21 18:05:00', '2016-12-21 18:05:00'),
(40, 7, 18, 19, '2016-12-21 18:05:00', '2016-12-21 18:05:00'),
(41, 2, 19, 13, '2016-12-21 18:05:00', '2016-12-21 18:05:00'),
(42, 7, 19, 10, '2016-12-21 18:05:00', '2016-12-21 18:05:00'),
(43, 2, 20, 14, '2016-12-21 18:05:00', '2016-12-21 18:05:00'),
(44, 2, 21, 15, '2016-12-21 18:05:00', '2016-12-21 18:05:00'),
(45, 5, 21, 7, '2016-12-21 18:05:00', '2016-12-21 18:05:00'),
(46, 7, 21, 11, '2016-12-21 18:05:00', '2016-12-21 18:05:00'),
(47, 1, 22, 8, '2016-12-21 18:05:00', '2016-12-21 18:05:00'),
(48, 2, 22, 16, '2016-12-21 18:05:00', '2016-12-21 18:05:00'),
(49, 3, 22, 3, '2016-12-21 18:05:00', '2016-12-21 18:05:00'),
(50, 6, 22, 3, '2016-12-21 18:05:00', '2016-12-21 18:05:00'),
(51, 2, 23, 17, '2016-12-21 18:05:00', '2016-12-21 18:05:00'),
(52, 2, 24, 18, '2016-12-21 18:05:00', '2016-12-21 18:05:00'),
(53, 5, 24, 8, '2016-12-21 18:05:00', '2016-12-21 18:05:00'),
(54, 3, 25, 4, '2016-12-21 18:05:00', '2016-12-21 18:05:00'),
(55, 3, 26, 5, '2016-12-21 18:05:00', '2016-12-21 18:05:00'),
(56, 4, 26, 3, '2016-12-21 18:05:00', '2016-12-21 18:05:00'),
(57, 3, 27, 6, '2016-12-21 18:05:00', '2016-12-21 18:05:00'),
(58, 3, 28, 7, '2016-12-21 18:05:00', '2016-12-21 18:05:00'),
(59, 4, 28, 4, '2016-12-21 18:05:00', '2016-12-21 18:05:00'),
(60, 3, 29, 8, '2016-12-21 18:05:00', '2016-12-21 18:05:00'),
(61, 4, 29, 5, '2016-12-21 18:05:00', '2016-12-21 18:05:00'),
(62, 3, 30, 9, '2016-12-21 18:05:00', '2016-12-21 18:05:00'),
(63, 4, 30, 6, '2016-12-21 18:05:00', '2016-12-21 18:05:00'),
(64, 6, 30, 4, '2016-12-21 18:05:00', '2016-12-21 18:05:00'),
(65, 3, 31, 10, '2016-12-21 18:05:00', '2016-12-21 18:05:00'),
(66, 4, 32, 7, '2016-12-21 18:05:00', '2016-12-21 18:05:00'),
(67, 4, 33, 8, '2016-12-21 18:05:00', '2016-12-21 18:05:00'),
(68, 4, 34, 9, '2016-12-21 18:05:00', '2016-12-21 18:05:00'),
(69, 4, 35, 10, '2016-12-21 18:05:00', '2016-12-21 18:05:00'),
(70, 5, 36, 9, '2016-12-21 18:05:00', '2016-12-21 18:05:00'),
(71, 6, 37, 5, '2016-12-21 18:05:00', '2016-12-21 18:05:00'),
(72, 6, 38, 6, '2016-12-21 18:05:00', '2016-12-21 18:05:00'),
(73, 6, 39, 7, '2016-12-21 18:05:00', '2016-12-21 18:05:00'),
(74, 6, 40, 8, '2016-12-21 18:05:00', '2016-12-21 18:05:00'),
(75, 7, 41, 14, '2016-12-21 18:05:00', '2016-12-21 18:05:00'),
(76, 7, 42, 15, '2016-12-21 18:05:00', '2016-12-21 18:05:00'),
(77, 7, 43, 16, '2016-12-21 18:05:00', '2016-12-21 18:05:00'),
(78, 7, 44, 17, '2016-12-21 18:05:00', '2016-12-21 18:05:00'),
(79, 5, 45, 10, '2016-12-21 18:05:00', '2016-12-21 18:05:00');

-- --------------------------------------------------------

--
-- Table structure for table `card_types`
--

CREATE TABLE `card_types` (
  `id` int(10) UNSIGNED NOT NULL,
  `name_fr` varchar(255) COLLATE utf8_unicode_ci NOT NULL,
  `name_en` varchar(255) COLLATE utf8_unicode_ci NOT NULL,
  `created_at` timestamp NULL DEFAULT NULL,
  `updated_at` timestamp NULL DEFAULT NULL
) ENGINE=InnoDB DEFAULT CHARSET=utf8 COLLATE=utf8_unicode_ci;

--
-- Dumping data for table `card_types`
--

INSERT INTO `card_types` (`id`, `name_fr`, `name_en`, `created_at`, `updated_at`) VALUES
(1, 'Archives', 'Archives', '2016-12-21 18:05:00', '2016-12-21 18:05:00'),
(2, 'Audiovisuels', 'Audiovisuals', '2016-12-21 18:05:00', '2016-12-21 18:05:00'),
(3, 'Bibliothèque', 'Library', '2016-12-21 18:05:00', '2016-12-21 18:05:00'),
(4, 'Cartes', 'Maps', '2016-12-21 18:05:00', '2016-12-21 18:05:00'),
(5, 'Images', 'Pictures', '2016-12-21 18:05:00', '2016-12-21 18:05:00'),
(6, 'Périodiques', 'Periodicals', '2016-12-21 18:05:00', '2016-12-21 18:05:00'),
(7, 'Sonores', 'Sounds', '2016-12-21 18:05:00', '2016-12-21 18:05:00');

-- --------------------------------------------------------

--
-- Table structure for table `collections`
--

CREATE TABLE `collections` (
  `id` int(10) UNSIGNED NOT NULL,
  `code` varchar(255) COLLATE utf8_unicode_ci NOT NULL,
  `name` varchar(255) COLLATE utf8_unicode_ci NOT NULL,
  `state` tinyint(1) NOT NULL,
  `created_at` timestamp NULL DEFAULT NULL,
  `updated_at` timestamp NULL DEFAULT NULL
) ENGINE=InnoDB DEFAULT CHARSET=utf8 COLLATE=utf8_unicode_ci;

--
-- Dumping data for table `collections`
--

INSERT INTO `collections` (`id`, `code`, `name`, `state`, `created_at`, `updated_at`) VALUES
(1, 'IP1', 'Albert Gravel ', 1, '2016-12-21 18:05:00', '2016-12-21 18:05:00'),
(2, 'IP4', 'Famille Labbé', 1, '2016-12-21 18:05:00', '2016-12-21 18:05:00'),
(3, 'IP5', 'Rosario Cousineau', 1, '2016-12-21 18:05:00', '2016-12-21 18:05:00'),
(4, 'IP7', 'Gérard Coté', 1, '2016-12-21 18:05:00', '2016-12-21 18:05:00'),
(5, 'IP13', 'Lucille Daigneau', 1, '2016-12-21 18:05:00', '2016-12-21 18:05:00'),
(6, 'IP16', 'Walter Alexander', 1, '2016-12-21 18:05:00', '2016-12-21 18:05:00'),
(7, 'IP21', 'Mgr Maurice O''Bready', 1, '2016-12-21 18:05:00', '2016-12-21 18:05:00'),
(8, 'IP22', 'Léonidas Bachand', 1, '2016-12-21 18:05:00', '2016-12-21 18:05:00'),
(9, 'IP31', 'Dorothy Wiggett-Powers', 1, '2016-12-21 18:05:00', '2016-12-21 18:05:00'),
(10, 'IP33', 'André Tessier', 1, '2016-12-21 18:05:00', '2016-12-21 18:05:00'),
(11, 'IP45', 'Jean-Guy Dubois', 1, '2016-12-21 18:05:00', '2016-12-21 18:05:00'),
(12, 'IP46', 'Armand Desrochers ET Carmen Deziel', 1, '2016-12-21 18:05:00', '2016-12-21 18:05:00'),
(13, 'IP49', 'Paul Gagné', 1, '2016-12-21 18:05:00', '2016-12-21 18:05:00'),
(14, 'IP50', 'A.Gauthier', 1, '2016-12-21 18:05:00', '2016-12-21 18:05:00'),
(15, 'IP51', 'Florence Hunt', 1, '2016-12-21 18:05:00', '2016-12-21 18:05:00'),
(16, 'IP52', 'Louis-Philippe Demers', 1, '2016-12-21 18:05:00', '2016-12-21 18:05:00'),
(17, 'IP55', 'Hervé Bernard', 1, '2016-12-21 18:05:00', '2016-12-21 18:05:00'),
(18, 'IP57', 'Paul-Emile Fortier ET Alberta Vincent', 1, '2016-12-21 18:05:00', '2016-12-21 18:05:00'),
(19, 'IP63', 'Gérard Auray', 1, '2016-12-21 18:05:00', '2016-12-21 18:05:00'),
(20, 'IP66', 'Yvette et Alice Campbell', 1, '2016-12-21 18:05:00', '2016-12-21 18:05:00'),
(21, 'IP72', 'Valmore Olivier', 1, '2016-12-21 18:05:00', '2016-12-21 18:05:00'),
(22, 'IP80', 'Mgr Joseph-Emile Vincent', 1, '2016-12-21 18:05:00', '2016-12-21 18:05:00'),
(23, 'IP87', 'Famille Léonilde-Charles Bachand', 1, '2016-12-21 18:05:00', '2016-12-21 18:05:00'),
(24, 'IP90', 'Ville de Sherbrooke', 1, '2016-12-21 18:05:00', '2016-12-21 18:05:00'),
(25, 'IP92', 'Marie-Jeane Daigneau', 1, '2016-12-21 18:05:00', '2016-12-21 18:05:00'),
(26, 'IP93', 'Demoiselles Couture', 1, '2016-12-21 18:05:00', '2016-12-21 18:05:00'),
(27, 'IP98', 'Famille John Léonard', 1, '2016-12-21 18:05:00', '2016-12-21 18:05:00'),
(28, 'IP99', 'Mme Lee Watson', 1, '2016-12-21 18:05:00', '2016-12-21 18:05:00'),
(29, 'IP101', 'Juliette O''Bready-Graham', 1, '2016-12-21 18:05:00', '2016-12-21 18:05:00'),
(30, 'IP102', 'Mme E.G.Pullen', 1, '2016-12-21 18:05:00', '2016-12-21 18:05:00'),
(31, 'IP104', 'Famille Murray', 1, '2016-12-21 18:05:00', '2016-12-21 18:05:00'),
(32, 'IP105', 'L''Abbé Charles-Joseph Roy', 1, '2016-12-21 18:05:00', '2016-12-21 18:05:00'),
(33, 'IP108', 'J.E.Simard (Abbé)', 1, '2016-12-21 18:05:00', '2016-12-21 18:05:00'),
(34, 'IP110', 'Florence Byrd', 1, '2016-12-21 18:05:00', '2016-12-21 18:05:00'),
(35, 'IP113', 'Lewis Rosenbloom', 1, '2016-12-21 18:05:00', '2016-12-21 18:05:00'),
(36, 'IP121', 'Maria Robert', 1, '2016-12-21 18:05:00', '2016-12-21 18:05:00'),
(37, 'IP122', 'La Tribune', 1, '2016-12-21 18:05:00', '2016-12-21 18:05:00'),
(38, 'IP124', 'Carrier Fortin', 1, '2016-12-21 18:05:00', '2016-12-21 18:05:00'),
(39, 'IP125', 'Louise Poire', 1, '2016-12-21 18:05:00', '2016-12-21 18:05:00'),
(40, 'IP127', 'Famille Boluc', 1, '2016-12-21 18:05:00', '2016-12-21 18:05:00'),
(41, 'IP130', 'Armand Nadeau', 1, '2016-12-21 18:05:00', '2016-12-21 18:05:00'),
(42, 'IP139', 'Stanstead and Sherbrooke Mutual Fire Insurance Company', 1, '2016-12-21 18:05:00', '2016-12-21 18:05:00'),
(43, 'IP156', 'Regroupement du bois Beckett', 1, '2016-12-21 18:05:00', '2016-12-21 18:05:00'),
(44, 'IP184', 'Cercle Marguerite Bourgeoys', 1, '2016-12-21 18:05:00', '2016-12-21 18:05:00'),
(45, 'IP195', 'George Armitage', 1, '2016-12-21 18:05:00', '2016-12-21 18:05:00'),
(46, 'IP196', 'Jeanne-Mance Rodrigue', 1, '2016-12-21 18:05:00', '2016-12-21 18:05:00'),
(47, 'IP239', 'Municipalité Régionale de Peel', 1, '2016-12-21 18:05:00', '2016-12-21 18:05:00'),
(48, 'IP252', 'Centre Culturel et Artistique de Sherbrooke', 1, '2016-12-21 18:05:00', '2016-12-21 18:05:00'),
(49, 'IP306', 'Clovis Roy', 1, '2016-12-21 18:05:00', '2016-12-21 18:05:00'),
(50, 'IP391', 'Estrie-France', 1, '2016-12-21 18:05:00', '2016-12-21 18:05:00'),
(51, 'IP415', 'Rev. Frère Daniel', 1, '2016-12-21 18:05:00', '2016-12-21 18:05:00'),
(52, 'IP440', 'John S. Bourque', 1, '2016-12-21 18:05:00', '2016-12-21 18:05:00'),
(53, 'IP454', 'Thomson & Alix Ltee', 1, '2016-12-21 18:05:00', '2016-12-21 18:05:00'),
(54, 'IP459', 'Ingersoll-Rand', 1, '2016-12-21 18:05:00', '2016-12-21 18:05:00'),
(55, 'IP460', 'Doug Gerrish', 1, '2016-12-21 18:05:00', '2016-12-21 18:05:00'),
(56, 'IP465', 'Frederick James Sangster', 1, '2016-12-21 18:05:00', '2016-12-21 18:05:00'),
(57, 'IP475', 'John J. Penhale', 1, '2016-12-21 18:05:00', '2016-12-21 18:05:00'),
(58, 'IP501', 'Famille Sevigny', 1, '2016-12-21 18:05:00', '2016-12-21 18:05:00'),
(59, 'IS1', 'Société d''Histoire de Sherbrooke', 1, '2016-12-21 18:05:00', '2016-12-21 18:05:00'),
(60, 'IS2', 'Société d''Histoire de Sherbrooke', 1, '2016-12-21 18:05:00', '2016-12-21 18:05:00'),
(61, 'IS3', 'Société d''Histoire de Sherbrooke', 1, '2016-12-21 18:05:00', '2016-12-21 18:05:00'),
(62, 'IS4', 'Société d''Histoire de Sherbrooke', 1, '2016-12-21 18:05:00', '2016-12-21 18:05:00'),
(63, 'IS5', 'Société d''Histoire de Sherbrooke', 1, '2016-12-21 18:05:00', '2016-12-21 18:05:00'),
(64, 'IS6', 'Société d''Histoire de Sherbrooke', 1, '2016-12-21 18:05:00', '2016-12-21 18:05:00'),
(65, 'IS7', 'Société d''Histoire de Sherbrooke', 1, '2016-12-21 18:05:00', '2016-12-21 18:05:00'),
(66, 'IS8', 'Société d''Histoire de Sherbrooke', 1, '2016-12-21 18:05:00', '2016-12-21 18:05:00'),
(67, 'IS9', 'Société d''Histoire de Sherbrooke', 1, '2016-12-21 18:05:00', '2016-12-21 18:05:00'),
(68, 'IS10', 'Société d''Histoire de Sherbrooke', 1, '2016-12-21 18:05:00', '2016-12-21 18:05:00'),
(69, 'IS11', 'Société d''Histoire de Sherbrooke', 1, '2016-12-21 18:05:00', '2016-12-21 18:05:00'),
(70, 'IS12', 'Société d''Histoire de Sherbrooke', 1, '2016-12-21 18:05:00', '2016-12-21 18:05:00');

-- --------------------------------------------------------

--
-- Table structure for table `documents`
--

CREATE TABLE `documents` (
  `id` int(10) UNSIGNED NOT NULL,
  `file_name` varchar(255) COLLATE utf8_unicode_ci NOT NULL,
  `card_id` int(10) UNSIGNED NOT NULL,
  `created_at` timestamp NULL DEFAULT NULL,
  `updated_at` timestamp NULL DEFAULT NULL
) ENGINE=InnoDB DEFAULT CHARSET=utf8 COLLATE=utf8_unicode_ci;

--
-- Dumping data for table `documents`
--

INSERT INTO `documents` (`id`, `file_name`, `card_id`, `created_at`, `updated_at`) VALUES
(1, 'IP13_PC_31E_1_6_489.jpg', 3, '2016-05-03 17:05:52', '2016-05-03 17:05:52'),
(2, 'IP13_PC_31E_1_8_489.jpg', 3, '2016-05-03 17:05:52', '2016-05-03 17:05:52'),
(3, 'IP13_PC_31E_1_9_489.jpg', 3, '2016-05-03 17:05:52', '2016-05-03 17:05:52'),
(4, 'IP13_PC_31E_1_6_489.jpg', 5, '2015-10-29 17:05:52', '2015-10-29 17:05:52'),
(5, 'IP13_PC_31E_1_8_489.jpg', 5, '2015-10-29 17:05:52', '2015-10-29 17:05:52'),
(6, 'IP13_PC_31E_1_9_489.jpg', 5, '2015-10-29 17:05:52', '2015-10-29 17:05:52'),
(7, 'IP13_PC_31E_1_6_489.jpg', 7, '2015-09-18 17:05:52', '2015-09-18 17:05:52'),
(8, 'IP13_PC_31E_1_8_489.jpg', 7, '2015-09-18 17:05:52', '2015-09-18 17:05:52'),
(9, 'IP13_PC_31E_1_9_489.jpg', 7, '2015-09-18 17:05:52', '2015-09-18 17:05:52'),
(10, 'IP13_PC_31E_1_6_489.jpg', 9, '2016-09-02 17:05:52', '2016-09-02 17:05:52'),
(11, 'IP13_PC_31E_1_8_489.jpg', 9, '2016-09-02 17:05:52', '2016-09-02 17:05:52'),
(12, 'IP13_PC_31E_1_9_489.jpg', 9, '2016-09-02 17:05:52', '2016-09-02 17:05:52'),
(13, 'IP13_PC_31E_1_6_489.jpg', 11, '2016-11-25 18:05:52', '2016-11-25 18:05:52'),
(14, 'IP13_PC_31E_1_8_489.jpg', 11, '2016-11-25 18:05:52', '2016-11-25 18:05:52'),
(15, 'IP13_PC_31E_1_9_489.jpg', 11, '2016-11-25 18:05:52', '2016-11-25 18:05:52'),
(16, 'IP13_PC_31E_1_6_489.jpg', 17, '2015-11-24 18:05:52', '2015-11-24 18:05:52'),
(17, 'IP13_PC_31E_1_8_489.jpg', 17, '2015-11-24 18:05:52', '2015-11-24 18:05:52'),
(18, 'IP13_PC_31E_1_9_489.jpg', 17, '2015-11-24 18:05:52', '2015-11-24 18:05:52'),
(19, 'IP13_PC_31E_1_6_489.jpg', 19, '2016-10-15 17:05:52', '2016-10-15 17:05:52'),
(20, 'IP13_PC_31E_1_8_489.jpg', 19, '2016-10-15 17:05:52', '2016-10-15 17:05:52'),
(21, 'IP13_PC_31E_1_9_489.jpg', 19, '2016-10-15 17:05:52', '2016-10-15 17:05:52'),
(22, 'IP13_PC_31E_1_6_489.jpg', 21, '2016-05-04 17:05:52', '2016-05-04 17:05:52'),
(23, 'IP13_PC_31E_1_8_489.jpg', 21, '2016-05-04 17:05:52', '2016-05-04 17:05:52'),
(24, 'IP13_PC_31E_1_9_489.jpg', 21, '2016-05-04 17:05:52', '2016-05-04 17:05:52'),
(25, 'IP13_PC_31E_1_6_489.jpg', 23, '2015-08-27 17:05:52', '2015-08-27 17:05:52'),
(26, 'IP13_PC_31E_1_8_489.jpg', 23, '2015-08-27 17:05:52', '2015-08-27 17:05:52'),
(27, 'IP13_PC_31E_1_9_489.jpg', 23, '2015-08-27 17:05:52', '2015-08-27 17:05:52'),
(28, 'IP13_PC_31E_1_6_489.jpg', 25, '2015-10-16 17:05:52', '2015-10-16 17:05:52'),
(29, 'IP13_PC_31E_1_8_489.jpg', 25, '2015-10-16 17:05:52', '2015-10-16 17:05:52'),
(30, 'IP13_PC_31E_1_9_489.jpg', 25, '2015-10-16 17:05:52', '2015-10-16 17:05:52'),
(31, 'IP13_PC_31E_1_6_489.jpg', 31, '2016-01-13 18:05:52', '2016-01-13 18:05:52'),
(32, 'IP13_PC_31E_1_8_489.jpg', 31, '2016-01-13 18:05:52', '2016-01-13 18:05:52'),
(33, 'IP13_PC_31E_1_9_489.jpg', 31, '2016-01-13 18:05:52', '2016-01-13 18:05:52'),
(34, 'IP13_PC_31E_1_6_489.jpg', 33, '2016-05-28 17:05:52', '2016-05-28 17:05:52'),
(35, 'IP13_PC_31E_1_8_489.jpg', 33, '2016-05-28 17:05:52', '2016-05-28 17:05:52'),
(36, 'IP13_PC_31E_1_9_489.jpg', 33, '2016-05-28 17:05:52', '2016-05-28 17:05:52'),
(37, 'IP13_PC_31E_1_6_489.jpg', 35, '2016-05-19 17:05:52', '2016-05-19 17:05:52'),
(38, 'IP13_PC_31E_1_8_489.jpg', 35, '2016-05-19 17:05:52', '2016-05-19 17:05:52'),
(39, 'IP13_PC_31E_1_9_489.jpg', 35, '2016-05-19 17:05:52', '2016-05-19 17:05:52'),
(40, 'IP13_PC_31E_1_6_489.jpg', 37, '2016-10-06 17:05:52', '2016-10-06 17:05:52'),
(41, 'IP13_PC_31E_1_8_489.jpg', 37, '2016-10-06 17:05:52', '2016-10-06 17:05:52'),
(42, 'IP13_PC_31E_1_9_489.jpg', 37, '2016-10-06 17:05:52', '2016-10-06 17:05:52'),
(43, 'IP13_PC_31E_1_6_489.jpg', 39, '2015-08-29 17:05:52', '2015-08-29 17:05:52'),
(44, 'IP13_PC_31E_1_8_489.jpg', 39, '2015-08-29 17:05:52', '2015-08-29 17:05:52'),
(45, 'IP13_PC_31E_1_9_489.jpg', 39, '2015-08-29 17:05:52', '2015-08-29 17:05:52'),
(46, 'IP13_PC_31E_1_6_489.jpg', 45, '2016-12-19 18:05:52', '2016-12-19 18:05:52'),
(47, 'IP13_PC_31E_1_8_489.jpg', 45, '2016-12-19 18:05:52', '2016-12-19 18:05:52'),
(48, 'IP13_PC_31E_1_9_489.jpg', 45, '2016-12-19 18:05:52', '2016-12-19 18:05:52'),
(49, 'IP13_PC_31E_1_6_489.jpg', 47, '2016-06-06 17:05:52', '2016-06-06 17:05:52'),
(50, 'IP13_PC_31E_1_8_489.jpg', 47, '2016-06-06 17:05:52', '2016-06-06 17:05:52'),
(51, 'IP13_PC_31E_1_9_489.jpg', 47, '2016-06-06 17:05:52', '2016-06-06 17:05:52'),
(52, 'IP13_PC_31E_1_6_489.jpg', 49, '2015-11-26 18:05:52', '2015-11-26 18:05:52'),
(53, 'IP13_PC_31E_1_8_489.jpg', 49, '2015-11-26 18:05:52', '2015-11-26 18:05:52'),
(54, 'IP13_PC_31E_1_9_489.jpg', 49, '2015-11-26 18:05:52', '2015-11-26 18:05:52'),
(55, 'IP13_PC_31E_1_6_489.jpg', 51, '2015-07-10 17:05:52', '2015-07-10 17:05:52'),
(56, 'IP13_PC_31E_1_8_489.jpg', 51, '2015-07-10 17:05:52', '2015-07-10 17:05:52'),
(57, 'IP13_PC_31E_1_9_489.jpg', 51, '2015-07-10 17:05:52', '2015-07-10 17:05:52'),
(58, 'IP13_PC_31E_1_6_489.jpg', 53, '2015-11-13 18:05:52', '2015-11-13 18:05:52'),
(59, 'IP13_PC_31E_1_8_489.jpg', 53, '2015-11-13 18:05:52', '2015-11-13 18:05:52'),
(60, 'IP13_PC_31E_1_9_489.jpg', 53, '2015-11-13 18:05:52', '2015-11-13 18:05:52'),
(61, 'IP13_PC_31E_1_6_489.jpg', 59, '2016-04-14 17:05:52', '2016-04-14 17:05:52'),
(62, 'IP13_PC_31E_1_8_489.jpg', 59, '2016-04-14 17:05:52', '2016-04-14 17:05:52'),
(63, 'IP13_PC_31E_1_9_489.jpg', 59, '2016-04-14 17:05:52', '2016-04-14 17:05:52'),
(64, 'IP13_PC_31E_1_6_489.jpg', 61, '2016-05-20 17:05:52', '2016-05-20 17:05:52'),
(65, 'IP13_PC_31E_1_8_489.jpg', 61, '2016-05-20 17:05:52', '2016-05-20 17:05:52'),
(66, 'IP13_PC_31E_1_9_489.jpg', 61, '2016-05-20 17:05:52', '2016-05-20 17:05:52'),
(67, 'IP13_PC_31E_1_6_489.jpg', 63, '2016-09-07 17:05:52', '2016-09-07 17:05:52'),
(68, 'IP13_PC_31E_1_8_489.jpg', 63, '2016-09-07 17:05:52', '2016-09-07 17:05:52'),
(69, 'IP13_PC_31E_1_9_489.jpg', 63, '2016-09-07 17:05:52', '2016-09-07 17:05:52'),
(70, 'IP13_PC_31E_1_6_489.jpg', 65, '2016-06-09 17:05:52', '2016-06-09 17:05:52'),
(71, 'IP13_PC_31E_1_8_489.jpg', 65, '2016-06-09 17:05:52', '2016-06-09 17:05:52'),
(72, 'IP13_PC_31E_1_9_489.jpg', 65, '2016-06-09 17:05:52', '2016-06-09 17:05:52'),
(73, 'IP13_PC_31E_1_6_489.jpg', 67, '2016-04-08 17:05:52', '2016-04-08 17:05:52'),
(74, 'IP13_PC_31E_1_8_489.jpg', 67, '2016-04-08 17:05:52', '2016-04-08 17:05:52'),
(75, 'IP13_PC_31E_1_9_489.jpg', 67, '2016-04-08 17:05:52', '2016-04-08 17:05:52'),
(76, 'IP13_PC_31E_1_6_489.jpg', 73, '2015-09-08 17:05:52', '2015-09-08 17:05:52'),
(77, 'IP13_PC_31E_1_8_489.jpg', 73, '2015-09-08 17:05:52', '2015-09-08 17:05:52'),
(78, 'IP13_PC_31E_1_9_489.jpg', 73, '2015-09-08 17:05:52', '2015-09-08 17:05:52'),
(79, 'IP13_PC_31E_1_6_489.jpg', 75, '2016-12-17 18:05:52', '2016-12-17 18:05:52'),
(80, 'IP13_PC_31E_1_8_489.jpg', 75, '2016-12-17 18:05:52', '2016-12-17 18:05:52'),
(81, 'IP13_PC_31E_1_9_489.jpg', 75, '2016-12-17 18:05:52', '2016-12-17 18:05:52'),
(82, 'IP13_PC_31E_1_6_489.jpg', 77, '2016-09-26 17:05:52', '2016-09-26 17:05:52'),
(83, 'IP13_PC_31E_1_8_489.jpg', 77, '2016-09-26 17:05:52', '2016-09-26 17:05:52'),
(84, 'IP13_PC_31E_1_9_489.jpg', 77, '2016-09-26 17:05:52', '2016-09-26 17:05:52'),
(85, 'IP13_PC_31E_1_6_489.jpg', 79, '2015-07-27 17:05:52', '2015-07-27 17:05:52'),
(86, 'IP13_PC_31E_1_8_489.jpg', 79, '2015-07-27 17:05:52', '2015-07-27 17:05:52'),
(87, 'IP13_PC_31E_1_9_489.jpg', 79, '2015-07-27 17:05:52', '2015-07-27 17:05:52'),
(88, 'IP13_PC_31E_1_6_489.jpg', 81, '2016-10-13 17:05:52', '2016-10-13 17:05:52'),
(89, 'IP13_PC_31E_1_8_489.jpg', 81, '2016-10-13 17:05:52', '2016-10-13 17:05:52'),
(90, 'IP13_PC_31E_1_9_489.jpg', 81, '2016-10-13 17:05:52', '2016-10-13 17:05:52'),
(91, 'IP13_PC_31E_1_6_489.jpg', 87, '2016-11-18 18:05:52', '2016-11-18 18:05:52'),
(92, 'IP13_PC_31E_1_8_489.jpg', 87, '2016-11-18 18:05:52', '2016-11-18 18:05:52'),
(93, 'IP13_PC_31E_1_9_489.jpg', 87, '2016-11-18 18:05:52', '2016-11-18 18:05:52'),
(94, 'IP13_PC_31E_1_6_489.jpg', 89, '2015-09-04 17:05:52', '2015-09-04 17:05:52'),
(95, 'IP13_PC_31E_1_8_489.jpg', 89, '2015-09-04 17:05:52', '2015-09-04 17:05:52'),
(96, 'IP13_PC_31E_1_9_489.jpg', 89, '2015-09-04 17:05:52', '2015-09-04 17:05:52'),
(97, 'IP13_PC_31E_1_6_489.jpg', 91, '2015-10-02 17:05:52', '2015-10-02 17:05:52'),
(98, 'IP13_PC_31E_1_8_489.jpg', 91, '2015-10-02 17:05:52', '2015-10-02 17:05:52'),
(99, 'IP13_PC_31E_1_9_489.jpg', 91, '2015-10-02 17:05:52', '2015-10-02 17:05:52'),
(100, 'IP13_PC_31E_1_6_489.jpg', 93, '2016-10-17 17:05:52', '2016-10-17 17:05:52'),
(101, 'IP13_PC_31E_1_8_489.jpg', 93, '2016-10-17 17:05:52', '2016-10-17 17:05:52'),
(102, 'IP13_PC_31E_1_9_489.jpg', 93, '2016-10-17 17:05:52', '2016-10-17 17:05:52'),
(103, 'IP13_PC_31E_1_6_489.jpg', 95, '2016-10-09 17:05:52', '2016-10-09 17:05:52'),
(104, 'IP13_PC_31E_1_8_489.jpg', 95, '2016-10-09 17:05:52', '2016-10-09 17:05:52'),
(105, 'IP13_PC_31E_1_9_489.jpg', 95, '2016-10-09 17:05:52', '2016-10-09 17:05:52'),
(106, 'IP4_CPN_43L_1_17187.jpg', 1, '2016-12-21 18:05:52', '2016-12-21 18:05:52'),
(107, 'IP5_AL_61_1_1_8840.jpg', 2, '2016-12-21 18:05:52', '2016-12-21 18:05:52'),
(108, 'IP7_DN_34D_1_1_8767.jpg', 3, '2016-12-21 18:05:52', '2016-12-21 18:05:52'),
(109, 'IP16_IMN_61_1_644.jpg', 4, '2016-12-21 18:05:52', '2016-12-21 18:05:52'),
(110, 'IP31_CPN_55_1_19944.jpg', 5, '2016-12-21 18:05:52', '2016-12-21 18:05:52'),
(111, 'IP92_CPC_13E_1_2356.jpg', 6, '2016-12-21 18:05:52', '2016-12-21 18:05:52'),
(112, 'IP101_MO_43N_1_1873.jpg', 7, '2016-12-21 18:05:52', '2016-12-21 18:05:52'),
(113, 'IP125_PC_122_1_1_19245.jpg', 8, '2016-12-21 18:05:52', '2016-12-21 18:05:52'),
(114, 'IS2_CPM_22A_1_4486.jpg', 9, '2016-12-21 18:05:52', '2016-12-21 18:05:52'),
(115, 'IS3_DN_31D_5_4714.jpg', 10, '2016-12-21 18:05:52', '2016-12-21 18:05:52'),
(116, 'IS3_PLC_31B_1_1_4806.jpg', 11, '2016-12-21 18:05:52', '2016-12-21 18:05:52'),
(117, 'IS3_PLC_31B_1_2_4806.jpg', 11, '2016-12-21 18:05:52', '2016-12-21 18:05:52'),
(118, 'IS3_PLC_31B_1_3_4806.jpg', 11, '2016-12-21 18:05:52', '2016-12-21 18:05:52'),
(119, 'IS3_PLC_33B_1_1_9324.jpg', 12, '2016-12-21 18:05:52', '2016-12-21 18:05:52'),
(120, 'IS3_PLC_33B_1_2_9324.jpg', 12, '2016-12-21 18:05:52', '2016-12-21 18:05:52'),
(121, 'IS3_PLC_33B_1_3_9324.jpg', 12, '2016-12-21 18:05:52', '2016-12-21 18:05:52'),
(122, 'IS3_PLC_33B_1_4_9324.jpg', 12, '2016-12-21 18:05:52', '2016-12-21 18:05:52'),
(123, 'IS3_PLC_33B_1_5_9324.jpg', 12, '2016-12-21 18:05:52', '2016-12-21 18:05:52'),
(124, 'IS3_PLC_33B_1_6_9324.jpg', 12, '2016-12-21 18:05:52', '2016-12-21 18:05:52'),
(125, 'IS3_PLC_33B_1_7_9324.jpg', 12, '2016-12-21 18:05:52', '2016-12-21 18:05:52'),
(126, 'IS3_PLC_33B_1_8_9324.jpg', 12, '2016-12-21 18:05:52', '2016-12-21 18:05:52');

-- --------------------------------------------------------

--
-- Table structure for table `document_downloads`
--

CREATE TABLE `document_downloads` (
  `id` int(10) UNSIGNED NOT NULL,
  `user_id` int(10) UNSIGNED NOT NULL,
  `document_id` int(10) UNSIGNED NOT NULL,
  `comment` varchar(255) COLLATE utf8_unicode_ci NOT NULL,
  `created_at` timestamp NULL DEFAULT NULL,
  `updated_at` timestamp NULL DEFAULT NULL
) ENGINE=InnoDB DEFAULT CHARSET=utf8 COLLATE=utf8_unicode_ci;

--
-- Dumping data for table `document_downloads`
--

INSERT INTO `document_downloads` (`id`, `user_id`, `document_id`, `comment`, `created_at`, `updated_at`) VALUES
(1, 6, 10, 'Exposition de 10', '2015-12-02 18:05:52', '2015-12-02 18:05:52'),
(2, 1, 19, 'Exposition de 18', '2016-12-20 18:05:52', '2016-12-20 18:05:52'),
(3, 8, 12, 'Exposition de 17', '2015-06-26 17:05:52', '2015-06-26 17:05:52'),
(4, 7, 11, 'Exposition de 22', '2016-01-10 18:05:52', '2016-01-10 18:05:52'),
(5, 3, 24, 'Exposition de 9', '2015-10-12 17:05:52', '2015-10-12 17:05:52'),
(6, 5, 24, 'Exposition de 19', '2016-01-08 18:05:52', '2016-01-08 18:05:52'),
(7, 8, 18, 'Exposition de 5', '2015-07-29 17:05:52', '2015-07-29 17:05:52'),
(8, 1, 2, 'Exposition de 5', '2015-09-20 17:05:52', '2015-09-20 17:05:52'),
(9, 10, 10, 'Exposition de 23', '2016-12-02 18:05:52', '2016-12-02 18:05:52'),
(10, 4, 13, 'Exposition de 23', '2015-07-14 17:05:52', '2015-07-14 17:05:52'),
(11, 7, 20, 'Exposition de 8', '2016-12-12 18:05:52', '2016-12-12 18:05:52'),
(12, 10, 1, 'Exposition de 16', '2015-11-16 18:05:52', '2015-11-16 18:05:52'),
(13, 7, 16, 'Exposition de 2', '2016-01-23 18:05:52', '2016-01-23 18:05:52'),
(14, 7, 10, 'Exposition de 4', '2015-07-05 17:05:52', '2015-07-05 17:05:52'),
(15, 6, 18, 'Exposition de 25', '2016-04-26 17:05:52', '2016-04-26 17:05:52'),
(16, 3, 9, 'Exposition de 5', '2016-06-28 17:05:52', '2016-06-28 17:05:52'),
(17, 3, 18, 'Exposition de 21', '2016-06-26 17:05:52', '2016-06-26 17:05:52'),
(18, 5, 16, 'Exposition de 12', '2015-12-12 18:05:52', '2015-12-12 18:05:52'),
(19, 5, 12, 'Exposition de 7', '2015-05-02 17:05:52', '2015-05-02 17:05:52'),
(20, 1, 1, 'Exposition de 21', '2015-12-05 18:05:52', '2015-12-05 18:05:52'),
(21, 9, 17, 'Exposition de 4', '2016-07-20 17:05:52', '2016-07-20 17:05:52'),
(22, 8, 6, 'Exposition de 23', '2016-11-04 17:05:52', '2016-11-04 17:05:52'),
(23, 3, 2, 'Exposition de 5', '2015-08-18 17:05:52', '2015-08-18 17:05:52'),
(24, 4, 1, 'Exposition de 14', '2015-10-29 17:05:52', '2015-10-29 17:05:52'),
(25, 5, 11, 'Exposition de 3', '2016-04-03 17:05:52', '2016-04-03 17:05:52'),
(26, 5, 4, 'Exposition de 11', '2016-07-24 17:05:52', '2016-07-24 17:05:52'),
(27, 1, 13, 'Exposition de 17', '2015-07-26 17:05:52', '2015-07-26 17:05:52'),
(28, 1, 10, 'Exposition de 9', '2016-03-08 18:05:52', '2016-03-08 18:05:52'),
(29, 10, 2, 'Exposition de 16', '2015-08-09 17:05:52', '2015-08-09 17:05:52'),
(30, 8, 11, 'Exposition de 1', '2016-09-28 17:05:52', '2016-09-28 17:05:52'),
(31, 9, 21, 'Exposition de 19', '2016-10-13 17:05:52', '2016-10-13 17:05:52'),
(32, 3, 2, 'Exposition de 7', '2015-05-14 17:05:52', '2015-05-14 17:05:52'),
(33, 5, 14, 'Exposition de 19', '2016-03-26 17:05:52', '2016-03-26 17:05:52'),
(34, 4, 2, 'Exposition de 19', '2015-09-29 17:05:52', '2015-09-29 17:05:52'),
(35, 6, 24, 'Exposition de 10', '2016-01-01 18:05:52', '2016-01-01 18:05:52'),
(36, 10, 3, 'Exposition de 7', '2016-08-25 17:05:52', '2016-08-25 17:05:52'),
(37, 10, 22, 'Exposition de 12', '2016-07-02 17:05:52', '2016-07-02 17:05:52'),
(38, 6, 1, 'Exposition de 14', '2016-11-05 17:05:52', '2016-11-05 17:05:52'),
(39, 3, 24, 'Exposition de 17', '2016-07-03 17:05:52', '2016-07-03 17:05:52'),
(40, 1, 13, 'Exposition de 10', '2016-10-01 17:05:52', '2016-10-01 17:05:52'),
(41, 4, 1, 'Exposition de 20', '2016-05-31 17:05:52', '2016-05-31 17:05:52'),
(42, 2, 8, 'Exposition de 12', '2016-10-09 17:05:52', '2016-10-09 17:05:52'),
(43, 10, 20, 'Exposition de 13', '2016-08-23 17:05:52', '2016-08-23 17:05:52'),
(44, 7, 6, 'Exposition de 14', '2015-09-04 17:05:52', '2015-09-04 17:05:52'),
(45, 8, 1, 'Exposition de 17', '2015-12-19 18:05:52', '2015-12-19 18:05:52'),
(46, 3, 25, 'Exposition de 11', '2015-07-08 17:05:52', '2015-07-08 17:05:52'),
(47, 6, 12, 'Exposition de 25', '2016-06-05 17:05:52', '2016-06-05 17:05:52'),
(48, 8, 8, 'Exposition de 22', '2016-09-13 17:05:52', '2016-09-13 17:05:52'),
(49, 2, 22, 'Exposition de 5', '2016-10-19 17:05:52', '2016-10-19 17:05:52'),
(50, 9, 24, 'Exposition de 13', '2016-05-12 17:05:52', '2016-05-12 17:05:52'),
(51, 2, 25, 'Exposition de 1', '2015-11-07 18:05:52', '2015-11-07 18:05:52'),
(52, 3, 18, 'Exposition de 6', '2016-07-19 17:05:52', '2016-07-19 17:05:52'),
(53, 5, 14, 'Exposition de 7', '2015-08-20 17:05:52', '2015-08-20 17:05:52'),
(54, 9, 8, 'Exposition de 18', '2016-01-12 18:05:52', '2016-01-12 18:05:52'),
(55, 8, 9, 'Exposition de 17', '2016-07-22 17:05:52', '2016-07-22 17:05:52'),
(56, 3, 12, 'Exposition de 18', '2016-11-09 18:05:52', '2016-11-09 18:05:52'),
(57, 9, 2, 'Exposition de 24', '2015-10-01 17:05:52', '2015-10-01 17:05:52'),
(58, 4, 25, 'Exposition de 25', '2016-02-28 18:05:52', '2016-02-28 18:05:52'),
(59, 4, 14, 'Exposition de 22', '2016-11-26 18:05:52', '2016-11-26 18:05:52'),
(60, 8, 15, 'Exposition de 7', '2015-12-27 18:05:52', '2015-12-27 18:05:52'),
(61, 1, 12, 'Exposition de 6', '2015-07-05 17:05:52', '2015-07-05 17:05:52'),
(62, 3, 1, 'Exposition de 9', '2016-10-01 17:05:52', '2016-10-01 17:05:52'),
(63, 9, 15, 'Exposition de 18', '2016-11-22 18:05:52', '2016-11-22 18:05:52'),
(64, 8, 1, 'Exposition de 24', '2015-07-30 17:05:52', '2015-07-30 17:05:52'),
(65, 4, 17, 'Exposition de 3', '2016-07-19 17:05:52', '2016-07-19 17:05:52'),
(66, 8, 10, 'Exposition de 20', '2016-02-28 18:05:52', '2016-02-28 18:05:52'),
(67, 4, 12, 'Exposition de 4', '2016-07-09 17:05:52', '2016-07-09 17:05:52'),
(68, 2, 21, 'Exposition de 18', '2015-08-18 17:05:52', '2015-08-18 17:05:52'),
(69, 6, 19, 'Exposition de 14', '2015-08-02 17:05:52', '2015-08-02 17:05:52'),
(70, 7, 3, 'Exposition de 9', '2016-01-13 18:05:52', '2016-01-13 18:05:52'),
(71, 8, 6, 'Exposition de 4', '2015-10-16 17:05:52', '2015-10-16 17:05:52'),
(72, 1, 24, 'Exposition de 14', '2016-02-22 18:05:52', '2016-02-22 18:05:52'),
(73, 8, 17, 'Exposition de 16', '2015-11-28 18:05:52', '2015-11-28 18:05:52'),
(74, 1, 4, 'Exposition de 25', '2016-05-14 17:05:52', '2016-05-14 17:05:52'),
(75, 3, 20, 'Exposition de 19', '2016-05-05 17:05:52', '2016-05-05 17:05:52'),
(76, 4, 11, 'Exposition de 12', '2015-06-23 17:05:52', '2015-06-23 17:05:52'),
(77, 10, 10, 'Exposition de 7', '2015-11-14 18:05:52', '2015-11-14 18:05:52'),
(78, 9, 14, 'Exposition de 19', '2015-07-10 17:05:52', '2015-07-10 17:05:52'),
(79, 7, 6, 'Exposition de 24', '2016-07-15 17:05:52', '2016-07-15 17:05:52'),
(80, 2, 7, 'Exposition de 13', '2016-11-30 18:05:52', '2016-11-30 18:05:52'),
(81, 1, 25, 'Exposition de 13', '2015-06-22 17:05:52', '2015-06-22 17:05:52'),
(82, 2, 8, 'Exposition de 15', '2016-10-12 17:05:52', '2016-10-12 17:05:52'),
(83, 10, 12, 'Exposition de 19', '2016-05-15 17:05:52', '2016-05-15 17:05:52'),
(84, 5, 11, 'Exposition de 16', '2015-07-13 17:05:52', '2015-07-13 17:05:52'),
(85, 2, 11, 'Exposition de 9', '2016-05-11 17:05:52', '2016-05-11 17:05:52'),
(86, 10, 10, 'Exposition de 13', '2016-11-09 18:05:52', '2016-11-09 18:05:52'),
(87, 4, 15, 'Exposition de 4', '2015-11-05 18:05:52', '2015-11-05 18:05:52'),
(88, 3, 23, 'Exposition de 22', '2016-03-31 17:05:52', '2016-03-31 17:05:52'),
(89, 3, 18, 'Exposition de 20', '2016-11-19 18:05:52', '2016-11-19 18:05:52'),
(90, 2, 21, 'Exposition de 13', '2015-10-03 17:05:52', '2015-10-03 17:05:52'),
(91, 7, 14, 'Exposition de 3', '2016-08-08 17:05:52', '2016-08-08 17:05:52'),
(92, 5, 20, 'Exposition de 5', '2015-10-15 17:05:52', '2015-10-15 17:05:52'),
(93, 3, 21, 'Exposition de 21', '2015-05-30 17:05:52', '2015-05-30 17:05:52'),
(94, 9, 15, 'Exposition de 16', '2016-10-03 17:05:52', '2016-10-03 17:05:52'),
(95, 9, 9, 'Exposition de 18', '2015-05-12 17:05:52', '2015-05-12 17:05:52'),
(96, 2, 25, 'Exposition de 15', '2015-10-15 17:05:52', '2015-10-15 17:05:52'),
(97, 3, 21, 'Exposition de 12', '2016-11-10 18:05:52', '2016-11-10 18:05:52'),
(98, 1, 18, 'Exposition de 21', '2016-07-30 17:05:52', '2016-07-30 17:05:52'),
(99, 2, 25, 'Exposition de 22', '2015-05-26 17:05:52', '2015-05-26 17:05:52');

-- --------------------------------------------------------

--
-- Table structure for table `external_parameters`
--

CREATE TABLE `external_parameters` (
  `id` int(10) UNSIGNED NOT NULL,
  `email` varchar(250) COLLATE utf8_unicode_ci NOT NULL,
  `created_at` timestamp NULL DEFAULT NULL,
  `updated_at` timestamp NULL DEFAULT NULL
) ENGINE=InnoDB DEFAULT CHARSET=utf8 COLLATE=utf8_unicode_ci;

--
-- Dumping data for table `external_parameters`
--

INSERT INTO `external_parameters` (`id`, `email`, `created_at`, `updated_at`) VALUES
(1, 'theophile.lafage-facilitator-1@isep.fr', '2016-12-21 18:05:00', '2016-12-21 18:05:00');

-- --------------------------------------------------------

--
-- Table structure for table `licence_attributes`
--

CREATE TABLE `licence_attributes` (
  `id` int(10) UNSIGNED NOT NULL,
  `name_fr` varchar(255) COLLATE utf8_unicode_ci NOT NULL,
  `name_en` varchar(255) COLLATE utf8_unicode_ci NOT NULL,
  `created_at` timestamp NULL DEFAULT NULL,
  `updated_at` timestamp NULL DEFAULT NULL
) ENGINE=InnoDB DEFAULT CHARSET=utf8 COLLATE=utf8_unicode_ci;

--
-- Dumping data for table `licence_attributes`
--

INSERT INTO `licence_attributes` (`id`, `name_fr`, `name_en`, `created_at`, `updated_at`) VALUES
(1, 'Date', 'Date', '2016-12-21 18:05:00', '2016-12-21 18:05:00'),
(2, 'Adresse', 'Address', '2016-12-21 18:05:00', '2016-12-21 18:05:00'),
(3, 'Titre du site web', 'Website title', '2016-12-21 18:05:00', '2016-12-21 18:05:00'),
(4, 'Titre', 'Title', '2016-12-21 18:05:00', '2016-12-21 18:05:00'),
(5, 'Auteur', 'Author', '2016-12-21 18:05:00', '2016-12-21 18:05:00'),
(6, 'Édition', 'Edition', '2016-12-21 18:05:00', '2016-12-21 18:05:00'),
(7, 'Nom de la revue/journal (Si applicable)', 'Magasine/newspaper name (If applicable)', '2016-12-21 18:05:00', '2016-12-21 18:05:00'),
(8, 'Collection (Si applicable)', 'Collection (If applicable)', '2016-12-21 18:05:00', '2016-12-21 18:05:00'),
(9, 'Tirage prévu', 'Expected draw', '2016-12-21 18:05:00', '2016-12-21 18:05:00'),
(10, 'Producteur', 'Producer', '2016-12-21 18:05:00', '2016-12-21 18:05:00'),
(11, 'Date de réalisation', 'Realization date', '2016-12-21 18:05:00', '2016-12-21 18:05:00'),
(12, 'Date de diffusion', 'Diffusion date', '2016-12-21 18:05:00', '2016-12-21 18:05:00'),
(13, 'Réseau de diffusion', 'Diffusion network', '2016-12-21 18:05:00', '2016-12-21 18:05:00'),
(14, 'Titre de l''exposition', 'Exhibition title', '2016-12-21 18:05:00', '2016-12-21 18:05:00'),
(15, 'Nom du musée', 'Museum name', '2016-12-21 18:05:00', '2016-12-21 18:05:00'),
(16, 'Date d''inauguration', 'Opening date', '2016-12-21 18:05:00', '2016-12-21 18:05:00'),
(17, 'Durée', 'Duration', '2016-12-21 18:05:00', '2016-12-21 18:05:00'),
(18, 'Type d''exposition (permanente, temporaire, itinérante)', 'Exhibition type (permanent, temporary, traveling)', '2016-12-21 18:05:00', '2016-12-21 18:05:00'),
(19, 'Affiche publicitaire', 'Advertising poster', '2016-12-21 18:05:00', '2016-12-21 18:05:00'),
(20, 'Publicité télévisuelle/internet/papier ou autre', 'TV/internet/paper advertising or other', '2016-12-21 18:05:00', '2016-12-21 18:05:00'),
(21, 'Décor d''un espace public', 'Decor of a public space', '2016-12-21 18:05:00', '2016-12-21 18:05:00'),
(22, 'Nom du conférencier', 'Name of speaker', '2016-12-21 18:05:00', '2016-12-21 18:05:00'),
(23, 'Lieu', 'Place', '2016-12-21 18:05:00', '2016-12-21 18:05:00');

-- --------------------------------------------------------

--
-- Table structure for table `licence_attributes_types`
--

CREATE TABLE `licence_attributes_types` (
  `id` int(10) UNSIGNED NOT NULL,
  `licence_type_id` int(10) UNSIGNED NOT NULL,
  `licence_attribute_id` int(10) UNSIGNED NOT NULL,
  `created_at` timestamp NULL DEFAULT NULL,
  `updated_at` timestamp NULL DEFAULT NULL
) ENGINE=InnoDB DEFAULT CHARSET=utf8 COLLATE=utf8_unicode_ci;

--
-- Dumping data for table `licence_attributes_types`
--

INSERT INTO `licence_attributes_types` (`id`, `licence_type_id`, `licence_attribute_id`, `created_at`, `updated_at`) VALUES
(1, 1, 1, '2016-12-21 18:05:00', '2016-12-21 18:05:00'),
(2, 1, 2, '2016-12-21 18:05:00', '2016-12-21 18:05:00'),
(3, 1, 3, '2016-12-21 18:05:00', '2016-12-21 18:05:00'),
(4, 2, 4, '2016-12-21 18:05:00', '2016-12-21 18:05:00'),
(5, 2, 1, '2016-12-21 18:05:00', '2016-12-21 18:05:00'),
(6, 2, 5, '2016-12-21 18:05:00', '2016-12-21 18:05:00'),
(7, 2, 6, '2016-12-21 18:05:00', '2016-12-21 18:05:00'),
(8, 2, 7, '2016-12-21 18:05:00', '2016-12-21 18:05:00'),
(9, 2, 8, '2016-12-21 18:05:00', '2016-12-21 18:05:00'),
(10, 2, 9, '2016-12-21 18:05:00', '2016-12-21 18:05:00'),
(11, 4, 10, '2016-12-21 18:05:00', '2016-12-21 18:05:00'),
(12, 4, 4, '2016-12-21 18:05:00', '2016-12-21 18:05:00'),
(13, 4, 11, '2016-12-21 18:05:00', '2016-12-21 18:05:00'),
(14, 4, 12, '2016-12-21 18:05:00', '2016-12-21 18:05:00'),
(15, 4, 13, '2016-12-21 18:05:00', '2016-12-21 18:05:00'),
(16, 5, 14, '2016-12-21 18:05:00', '2016-12-21 18:05:00'),
(17, 5, 15, '2016-12-21 18:05:00', '2016-12-21 18:05:00'),
(18, 5, 16, '2016-12-21 18:05:00', '2016-12-21 18:05:00'),
(19, 5, 17, '2016-12-21 18:05:00', '2016-12-21 18:05:00'),
(20, 5, 18, '2016-12-21 18:05:00', '2016-12-21 18:05:00'),
(21, 6, 19, '2016-12-21 18:05:00', '2016-12-21 18:05:00'),
(22, 6, 20, '2016-12-21 18:05:00', '2016-12-21 18:05:00'),
(23, 6, 21, '2016-12-21 18:05:00', '2016-12-21 18:05:00'),
(24, 7, 22, '2016-12-21 18:05:00', '2016-12-21 18:05:00'),
(25, 7, 1, '2016-12-21 18:05:00', '2016-12-21 18:05:00'),
(26, 7, 23, '2016-12-21 18:05:00', '2016-12-21 18:05:00');

-- --------------------------------------------------------

--
-- Table structure for table `licence_fees`
--

CREATE TABLE `licence_fees` (
  `id` int(10) UNSIGNED NOT NULL,
  `tvq` double(8,2) NOT NULL,
  `tps` double(8,2) NOT NULL,
  `admin` double(8,2) NOT NULL,
  `private_use` double(8,2) NOT NULL,
  `public_use` double(8,2) NOT NULL,
  `created_at` timestamp NULL DEFAULT NULL,
  `updated_at` timestamp NULL DEFAULT NULL
) ENGINE=InnoDB DEFAULT CHARSET=utf8 COLLATE=utf8_unicode_ci;

--
-- Dumping data for table `licence_fees`
--

INSERT INTO `licence_fees` (`id`, `tvq`, `tps`, `admin`, `private_use`, `public_use`, `created_at`, `updated_at`) VALUES
(1, 9.97, 5.00, 3.00, 5.00, 20.00, '2016-12-21 18:05:00', '2016-12-21 18:05:00');

-- --------------------------------------------------------

--
-- Table structure for table `licence_owners`
--

CREATE TABLE `licence_owners` (
  `id` int(10) UNSIGNED NOT NULL,
  `last_name` varchar(255) COLLATE utf8_unicode_ci NOT NULL,
  `first_name` varchar(255) COLLATE utf8_unicode_ci NOT NULL,
  `enterprise` varchar(255) COLLATE utf8_unicode_ci NOT NULL,
  `email` varchar(255) COLLATE utf8_unicode_ci NOT NULL,
  `address` varchar(255) COLLATE utf8_unicode_ci NOT NULL,
  `town` varchar(255) COLLATE utf8_unicode_ci NOT NULL,
  `postal_code` varchar(255) COLLATE utf8_unicode_ci NOT NULL,
  `province` varchar(255) COLLATE utf8_unicode_ci NOT NULL,
  `country` varchar(255) COLLATE utf8_unicode_ci NOT NULL,
  `phone` varchar(255) COLLATE utf8_unicode_ci NOT NULL,
  `created_at` timestamp NULL DEFAULT NULL,
  `updated_at` timestamp NULL DEFAULT NULL
) ENGINE=InnoDB DEFAULT CHARSET=utf8 COLLATE=utf8_unicode_ci;

--
-- Dumping data for table `licence_owners`
--

INSERT INTO `licence_owners` (`id`, `last_name`, `first_name`, `enterprise`, `email`, `address`, `town`, `postal_code`, `province`, `country`, `phone`, `created_at`, `updated_at`) VALUES
(1, 'Clara', 'Gagné', '', 'AliceGagnon0@hotmail.asia', '51, Galvin', 'Berlin', 'E7D2M3', 'QW', 'Allemagne', '(969)2146985574', '2016-12-21 18:05:00', '2016-12-21 18:05:00'),
(2, 'Antoine', 'Trump', '', 'JustineTremblay1@yahoo.ca', '158, Cabana', 'Montréal', 'W2L1F9', 'QY', 'Brésil', '(161)7198864609', '2016-12-21 18:05:00', '2016-12-21 18:05:00'),
(3, 'Paul', 'Fortin', '', 'CathérineGagnon2@outlook.com', '187, Blv Université', 'Jakarta', 'M6L1H2', 'WV', 'Serbie', '(832)0336696004', '2016-12-21 18:05:00', '2016-12-21 18:05:00'),
(4, 'Léa', 'Lépine', '', 'AliceRivest3@universite.co', '29, Cabana', 'Paris', 'K4D2M9', 'XC', 'Brésil', '(659)6289189048', '2016-12-21 18:05:00', '2016-12-21 18:05:00'),
(5, 'Sarah', 'Gagné', '', 'OlivierLagacé4@gmail.info', '114, Victoria', 'Sherbrooke', 'N8T6G8', 'YP', 'Liban', '(802)8982953876', '2016-12-21 18:05:00', '2016-12-21 18:05:00'),
(6, 'Antony', 'Nolet', '', 'BobNolet5@yahoo.co', '166, King Ouest', 'Bruxelles', 'U2F5W7', 'AI', 'Mali', '(769)7118528269', '2016-12-21 18:05:00', '2016-12-21 18:05:00'),
(7, 'Roger', 'Lafrance', '', 'PaulGagné6@hotmail.co', '32, King Ouest', 'Sherbrooke', 'M5F4O1', 'NC', 'Irak', '(513)0181169052', '2016-12-21 18:05:00', '2016-12-21 18:05:00'),
(8, 'Clara', 'Rivest', '', 'JustineLagacé7@hotmail.co', '118, Queen', 'Washington', 'X1B6O1', 'DS', 'Irak', '(288)9648096001', '2016-12-21 18:05:00', '2016-12-21 18:05:00'),
(9, 'Paul', 'Chan', '', 'PaulGouin8@yahoo.com', '136, Blv Université', 'Dakar', 'X7Y5K5', 'WB', 'France', '(870)9356290559', '2016-12-21 18:05:00', '2016-12-21 18:05:00'),
(10, 'Isaac', 'Gagnon', '', 'JustineGagné9@outlook.edu', '166, Cabana', 'Brasilia', 'H1N3W5', 'JC', 'Brésil', '(266)0468605533', '2016-12-21 18:05:00', '2016-12-21 18:05:00'),
(11, 'Paul', 'Lagacé', '', 'AlexiaBouchard10@gmail.ca', '89, Cabana', 'Bruxelles', 'Y7N2X1', 'CC', 'Suisse', '(551)8938552139', '2016-12-21 18:05:00', '2016-12-21 18:05:00'),
(12, 'Justine', 'Morin', '', 'AlexiaGagné11@yahoo.ca', '36, King Est', 'Le Caire', 'L8C4P9', 'DZ', 'Suisse', '(612)6576963855', '2016-12-21 18:05:00', '2016-12-21 18:05:00'),
(13, 'Cathérine', 'Coté', '', 'AlexGagné12@hotmail.ca', '26, Queen', 'Berlin', 'N4B3P9', 'JC', 'France', '(195)3954280978', '2016-12-21 18:05:00', '2016-12-21 18:05:00'),
(14, 'Julien', 'Lépine', '', 'IsaacRanger13@gmail.net', '93, Blanchard', 'Washington', 'D8I6K2', 'FD', 'Brésil', '(956)8819927850', '2016-12-21 18:05:00', '2016-12-21 18:05:00'),
(15, 'Adam', 'Coté', '', 'FélixPellerin14@outlook.coop', '29, Galvin', 'Le Caire', 'T1N1R4', 'FI', 'France', '(697)7062646409', '2016-12-21 18:05:00', '2016-12-21 18:05:00'),
(16, '', '', 'CGI', 'BertranGagnon0@hotmail.jobs', '58, King Ouest', 'Paris', 'S1N7Y6', 'SA', 'Canada', '(538)1382182773', '2016-12-21 18:05:00', '2016-12-21 18:05:00'),
(17, '', '', 'Nissan Canada', 'AntoineLagacé1@yahoo.tel', '15, Blv Université', 'Bruxelles', 'J8W3Z4', 'AR', 'Irak', '(279)3176180040', '2016-12-21 18:05:00', '2016-12-21 18:05:00'),
(18, '', '', 'Ford USA', 'MichaelLépine2@hotmail.org', '112, Blanchard', 'Washington', 'V4E8T9', 'PG', 'Canada', '(738)5854909362', '2016-12-21 18:05:00', '2016-12-21 18:05:00'),
(19, '', '', 'Excavation DD', 'JoëlMorin3@outlook.co', '188, Cabana', 'Jakarta', 'W4Z5W9', 'RO', 'France', '(898)7708399571', '2016-12-21 18:05:00', '2016-12-21 18:05:00'),
(20, '', '', 'Ville de Val d''or', 'JoëlMorin4@universite.cat', '151, Blanchard', 'Brasilia', 'W9Y5H2', 'BS', 'Serbie', '(820)9932169237', '2016-12-21 18:05:00', '2016-12-21 18:05:00'),
(21, '', '', 'Cos Theta', 'AdamNolet5@yahoo.tel', '10, King Ouest', 'Washington', 'L8C6D1', 'PB', 'Suisse', '(491)4729370359', '2016-12-21 18:05:00', '2016-12-21 18:05:00'),
(22, '', '', 'QVP', 'CathérinePellerin6@gmail.org', '45, Jacques Cartier', 'Berlin', 'M2O5E1', 'IU', 'Belgique', '(076)7544178002', '2016-12-21 18:05:00', '2016-12-21 18:05:00'),
(23, '', '', 'Transport truc Inc.', 'CamilleRivest7@universite.fr', '131, Galvin', 'Dakar', 'Z1S8X8', 'ZJ', 'Thaïlande', '(877)8299578465', '2016-12-21 18:05:00', '2016-12-21 18:05:00'),
(24, '', '', 'PasD''idée enr.', 'MalicCoté8@universite.pro', '114, Galvin', 'Washington', 'P6T2S7', 'BZ', 'Irak', '(842)2140660895', '2016-12-21 18:05:00', '2016-12-21 18:05:00'),
(25, '', '', 'Machin lte', 'JustineGouin9@yahoo.tel', '49, King Est', 'Bruxelles', 'P3M5Z7', 'RH', 'Mali', '(141)0435905969', '2016-12-21 18:05:00', '2016-12-21 18:05:00');

-- --------------------------------------------------------

--
-- Table structure for table `licence_responses`
--

CREATE TABLE `licence_responses` (
  `id` int(10) UNSIGNED NOT NULL,
  `transaction_id` int(10) UNSIGNED NOT NULL,
  `licence_attribute_id` int(10) UNSIGNED NOT NULL,
  `value` text COLLATE utf8_unicode_ci NOT NULL,
  `created_at` timestamp NULL DEFAULT NULL,
  `updated_at` timestamp NULL DEFAULT NULL
) ENGINE=InnoDB DEFAULT CHARSET=utf8 COLLATE=utf8_unicode_ci;

--
-- Dumping data for table `licence_responses`
--

INSERT INTO `licence_responses` (`id`, `transaction_id`, `licence_attribute_id`, `value`, `created_at`, `updated_at`) VALUES
(1, 1, 1, '2016-12-21 13:05', '2016-12-21 18:05:00', '2016-12-21 18:05:00'),
(2, 1, 2, 'www.site.ca', '2016-12-21 18:05:00', '2016-12-21 18:05:00'),
(3, 1, 3, 'Titre', '2016-12-21 18:05:00', '2016-12-21 18:05:00'),
(4, 2, 4, 'Recherche mammifère marin', '2016-12-21 18:05:00', '2016-12-21 18:05:00'),
(5, 2, 1, '2016-12-21 13:05', '2016-12-21 18:05:00', '2016-12-21 18:05:00'),
(6, 2, 5, 'Pierre Laroche', '2016-12-21 18:05:00', '2016-12-21 18:05:00'),
(7, 2, 6, 'Edition de l''homme', '2016-12-21 18:05:00', '2016-12-21 18:05:00'),
(8, 2, 7, 'Les débrouillards', '2016-12-21 18:05:00', '2016-12-21 18:05:00'),
(9, 2, 8, 'Automne 2016', '2016-12-21 18:05:00', '2016-12-21 18:05:00'),
(10, 2, 9, '100000', '2016-12-21 18:05:00', '2016-12-21 18:05:00'),
(11, 4, 10, 'Producer', '2016-12-21 18:05:00', '2016-12-21 18:05:00'),
(12, 4, 4, 'Dérapages', '2016-12-21 18:05:00', '2016-12-21 18:05:00'),
(13, 4, 11, '2016-12-21 13:05', '2016-12-21 18:05:00', '2016-12-21 18:05:00'),
(14, 4, 12, '2016-12-21 13:05', '2016-12-21 18:05:00', '2016-12-21 18:05:00'),
(15, 4, 13, 'TVA', '2016-12-21 18:05:00', '2016-12-21 18:05:00'),
(16, 5, 14, 'Histoire de la ville de Val d''or', '2016-12-21 18:05:00', '2016-12-21 18:05:00'),
(17, 5, 15, 'Musée de la ville de Val d''or', '2016-12-21 18:05:00', '2016-12-21 18:05:00'),
(18, 5, 16, '2016-12-21 13:05', '2016-12-21 18:05:00', '2016-12-21 18:05:00'),
(19, 5, 17, '1 heure 23 minutes', '2016-12-21 18:05:00', '2016-12-21 18:05:00'),
(20, 5, 18, 'temporaire', '2016-12-21 18:05:00', '2016-12-21 18:05:00'),
(21, 6, 19, 'Oui', NULL, NULL),
(22, 6, 20, 'Non', '2016-12-21 18:05:00', '2016-12-21 18:05:00'),
(23, 6, 21, 'Oui', '2016-12-21 18:05:00', '2016-12-21 18:05:00'),
(24, 7, 22, 'Mathieu Caron', '2016-12-21 18:05:00', '2016-12-21 18:05:00'),
(25, 7, 1, '2016-12-21 13:05', '2016-12-21 18:05:00', '2016-12-21 18:05:00'),
(26, 7, 23, 'Université de Sherbrooke', '2016-12-21 18:05:00', '2016-12-21 18:05:00');

-- --------------------------------------------------------

--
-- Table structure for table `licence_types`
--

CREATE TABLE `licence_types` (
  `id` int(10) UNSIGNED NOT NULL,
  `name_fr` varchar(255) COLLATE utf8_unicode_ci NOT NULL,
  `name_en` varchar(255) COLLATE utf8_unicode_ci NOT NULL,
  `created_at` timestamp NULL DEFAULT NULL,
  `updated_at` timestamp NULL DEFAULT NULL
) ENGINE=InnoDB DEFAULT CHARSET=utf8 COLLATE=utf8_unicode_ci;

--
-- Dumping data for table `licence_types`
--

INSERT INTO `licence_types` (`id`, `name_fr`, `name_en`, `created_at`, `updated_at`) VALUES
(1, 'Site internet/Réseaux sociaux(Facebook, Twitter ou autres)', 'Website/Social Networks(Facebook, Twitter or others)', '2016-12-21 18:05:00', '2016-12-21 18:05:00'),
(2, 'Publication livre/revue/journal', 'Publication book/magazine/newspaper', '2016-12-21 18:05:00', '2016-12-21 18:05:00'),
(3, 'Personnelle, aucune reproduction imprimée ou internet', 'Personal, no printed reproduction or internet', '2016-12-21 18:05:00', '2016-12-21 18:05:00'),
(4, 'Production audiovisuelle (documentaire, film, capsule ou autre)', 'Audiovisual production (documentary, movie, capsule or other)', '2016-12-21 18:05:00', '2016-12-21 18:05:00'),
(5, 'Exposition', 'Exhibition', '2016-12-21 18:05:00', '2016-12-21 18:05:00'),
(6, 'Articles promotionnels', 'Promotionnal items', '2016-12-21 18:05:00', '2016-12-21 18:05:00'),
(7, 'Conférence/scéance d''information', 'Conference/Briefing session', '2016-12-21 18:05:00', '2016-12-21 18:05:00'),
(8, 'Autre (Veuillez préciser)', 'Other (Please specify)', '2016-12-21 18:05:00', '2016-12-21 18:05:00');

-- --------------------------------------------------------

--
-- Table structure for table `licence_versions`
--

CREATE TABLE `licence_versions` (
  `id` int(10) UNSIGNED NOT NULL,
  `terms` text COLLATE utf8_unicode_ci NOT NULL,
  `created_at` timestamp NULL DEFAULT NULL,
  `updated_at` timestamp NULL DEFAULT NULL
) ENGINE=InnoDB DEFAULT CHARSET=utf8 COLLATE=utf8_unicode_ci;

--
-- Dumping data for table `licence_versions`
--

INSERT INTO `licence_versions` (`id`, `terms`, `created_at`, `updated_at`) VALUES
(1, '<p><strong>Conditions et modalit&eacute;s d&rsquo;utilisation des photographies de la collection</strong></p>\r\n<p>En signant la licence et en payant les frais aff&eacute;rents, vous acceptez les conditions d''utilisation suivante :</p>\r\n<p><strong>&nbsp;</strong></p>\r\n<p><strong>Conditions d''utilisation des fichiers d''images *</strong></p>\r\n<ol>\r\n<li><strong> L''autorisation de publication est accord&eacute;e d&egrave;s que vous recevez la copie de la pr&eacute;sente entente qui a &eacute;t&eacute; envoy&eacute;e par un repr&eacute;sentant autoris&eacute; de La Soci&eacute;t&eacute; d&rsquo;histoire de Sherbrooke. </strong></li>\r\n</ol>\r\n<p>L''autorisation de publication est accord&eacute;e uniquement aux fins d&eacute;crites dans cette entente. Cette autorisation est non exclusive. La Soci&eacute;t&eacute; d&rsquo;histoire de Sherbrooke se r&eacute;serve le droit de reproduire l''image et de permettre &agrave; des tiers de reproduire l''image.</p>\r\n<p>L''autorisation n''est plus valable d&egrave;s la publication ou la cr&eacute;ation du produit.</p>\r\n<p>Aux fins de cette entente, est consid&eacute;r&eacute;e comme une utilisation unique la publication simultan&eacute;e d''un produit dans plusieurs m&eacute;dias, par exemple un magazine produit sur papier et en version &eacute;lectronique.</p>\r\n<p>L''auteur de la demande est autoris&eacute; &agrave; utiliser l''image sur l''emballage du produit, dans une annonce, un catalogue ou un autre v&eacute;hicule promotionnel uniquement &agrave; des fins de commercialisation et de distribution du produit.</p>\r\n<p><strong>Toute utilisation subs&eacute;quente (y compris les futures &eacute;ditions et adaptations, produits connexes, versions Web, etc.) constitue une r&eacute;utilisation et doit faire l''objet d''une demande s&eacute;par&eacute;e &agrave; La Soci&eacute;t&eacute; d&rsquo;histoire de Sherbrooke. Des frais d''utilisation seront de nouveau applicables.</strong></p>\r\n<ol start="2">\r\n<li><strong> L''auteur de la demande assume l''enti&egrave;re responsabilit&eacute; de l''utilisation faite des images de La Soci&eacute;t&eacute; d&rsquo;histoire de Sherbrooke, conform&eacute;ment &agrave; la Loi sur le droit d''auteur.</strong></li>\r\n</ol>\r\n<p>La Soci&eacute;t&eacute; d&rsquo;histoire de Sherbrooke se r&eacute;serve le droit d''exiger une d&eacute;charge de la part des personnes dont le droit &agrave; la vie priv&eacute;e pourrait &ecirc;tre l&eacute;s&eacute; par la production d''une image. Il est interdit d''utiliser l''image d''une personne identifiable d''une mani&egrave;re qui sugg&egrave;re un appui ou une association avec un produit, un service, une cause ou un &eacute;tablissement.</p>\r\n<p>L''auteur de la demande exon&egrave;re La Soci&eacute;t&eacute; d&rsquo;histoire de Sherbrooke et ses repr&eacute;sentants de toute responsabilit&eacute; quant aux r&eacute;clamations pouvant r&eacute;sulter de l''utilisation du mat&eacute;riel et s''engage &agrave; indemniser La Soci&eacute;t&eacute; d&rsquo;histoire de Sherbrooke et ses repr&eacute;sentants de tous les co&ucirc;ts et dommages-int&eacute;r&ecirc;ts r&eacute;sultant d''une utilisation non autoris&eacute;e du mat&eacute;riel.</p>\r\n<p>&nbsp;</p>\r\n<ol start="3">\r\n<li><strong> En cas d''utilisation d''image, on doit indiquer le nom du Fonds et le nom de La Soci&eacute;t&eacute; d&rsquo;histoire de Sherbrooke</strong> <strong>sous forme de l&eacute;gende, sauf dans les films, o&ugrave; l''on doit inclure le nom de La Soci&eacute;t&eacute; d&rsquo;histoire de Sherbrooke</strong> <strong>dans le g&eacute;n&eacute;rique sans n&eacute;cessairement pr&eacute;ciser le nom du Fonds.</strong></li>\r\n</ol>\r\n<p>La l&eacute;gende doit appara&icirc;tre pr&egrave;s de l''image ou dans une section sp&eacute;ciale consacr&eacute;e aux mentions de source. Dans les reproductions distribu&eacute;es par voie &eacute;lectronique, cependant, la mention de source doit &ecirc;tre int&eacute;gr&eacute;e &agrave; l''image.</p>\r\n<p>Le paiement de frais d''utilisation commerciale ne dispense pas l''utilisateur de mentionner le nom de La Soci&eacute;t&eacute; d&rsquo;histoire de Sherbrooke.</p>\r\n<p>&nbsp;</p>\r\n<ol start="4">\r\n<li><strong> Les images fournies par La Soci&eacute;t&eacute; d&rsquo;histoire de Sherbrooke</strong> <strong>ne peuvent &ecirc;tre copi&eacute;es, num&eacute;ris&eacute;es, pr&eacute;sent&eacute;es, vendues ni utilis&eacute;es &agrave; d''autres fins que celles pr&eacute;cis&eacute;es dans cette entente. Aucune copie ne peut &ecirc;tre d&eacute;pos&eacute;e dans un autre service d''archive ou biblioth&egrave;que.</strong></li>\r\n</ol>\r\n<p><strong>&nbsp;</strong></p>\r\n<ol start="5">\r\n<li><strong> &Agrave; moins d''autorisation pr&eacute;alable de La Soci&eacute;t&eacute; d&rsquo;histoire de Sherbrooke, il est interdit de retoucher ou de modifier les images d''une fa&ccedil;on qui risque de nuire &agrave; leur int&eacute;grit&eacute; historique ou artistique. S''il est n&eacute;cessaire de reproduire un d&eacute;tail d''une image, il faut indiquer le mot &laquo; d&eacute;tail &raquo; entre parenth&egrave;ses &agrave; c&ocirc;t&eacute; du nom du Fonds de provenance de l&rsquo;image.</strong></li>\r\n</ol>\r\n<p><strong>&nbsp;</strong></p>\r\n<ol start="6">\r\n<li><strong> L''autorisation n''est accord&eacute;e qu''apr&egrave;s le paiement pr&eacute;alable de tous les frais, y compris les frais d''utilisation.</strong></li>\r\n</ol>\r\n<p><strong>&nbsp;</strong></p>\r\n<ol start="7">\r\n<li><strong> Seule la reproduction de fichiers num&eacute;riques fournis par La Soci&eacute;t&eacute; d&rsquo;histoire de Sherbrooke</strong> <strong>est autoris&eacute;e.</strong></li>\r\n</ol>\r\n<p><strong>&nbsp;</strong></p>\r\n<ol start="8">\r\n<li><strong> Les renseignements personnels recueillis dans le cadre de cette entente par La Soci&eacute;t&eacute; d&rsquo;histoire de Sherbrooke</strong> <strong>ne seront pas utilis&eacute;s &agrave; d''autres fins.</strong></li>\r\n</ol>\r\n<p>* Ce texte est reproduit avec la permission du Mus&eacute;e McCord, <span style="text-decoration: underline;">http://www.musee-mccord.qc.ca/</span></p>\r\n<p>&nbsp;</p>\r\n<p>&nbsp;</p>\r\n<p>&nbsp; &nbsp; &nbsp; &nbsp; &nbsp; &nbsp; &nbsp; &nbsp; &nbsp; &nbsp; &nbsp; &nbsp; &nbsp; &nbsp; &nbsp; &nbsp; &nbsp; &nbsp; &nbsp;La Soci&eacute;t&eacute; d''histoire de Sherbrooke</p>', '2016-12-21 18:05:00', '2016-12-21 18:05:00');

-- --------------------------------------------------------

--
-- Table structure for table `migrations`
--

CREATE TABLE `migrations` (
  `migration` varchar(255) COLLATE utf8_unicode_ci NOT NULL,
  `batch` int(11) NOT NULL
) ENGINE=InnoDB DEFAULT CHARSET=utf8 COLLATE=utf8_unicode_ci;

--
-- Dumping data for table `migrations`
--

INSERT INTO `migrations` (`migration`, `batch`) VALUES
('2014_10_12_000000_create_users_table', 1),
('2014_10_12_100000_create_password_resets_table', 1),
('2016_02_22_150919_create_user_types_table', 1),
('2016_04_04_135810_create_card_attributes_table', 1),
('2016_04_04_141815_create_cards_table', 1),
('2016_04_04_141856_create_card_types_table', 1),
('2016_04_04_142547_create_card_associations_table', 1),
('2016_04_04_142547_create_card_attribute_type_table', 1),
('2016_04_14_133642_create_documents_table', 1),
('2016_09_21_050902_create_collection_table', 1),
('2016_09_26_221219_create_licence_version_table', 1),
('2016_10_06_155519_create_search_history_table', 1),
('2016_10_20_153256_create_document_downloads', 1),
('2016_10_20_205818_create_transactions', 1),
('2016_10_20_205846_create_licence_types', 1),
('2016_10_20_205856_create_licence_attributes', 1),
('2016_10_20_205914_create_licence_attributes_types', 1),
('2016_10_20_205926_create_licence_responses', 1),
('2016_10_20_205945_create_documents_transactions', 1),
('2016_10_21_140456_create_licence_owners', 1),
('2016_11_17_232517_create_external_parameters_table', 1),
('2016_11_28_185911_create_licence_fees', 1);

-- --------------------------------------------------------

--
-- Table structure for table `password_resets`
--

CREATE TABLE `password_resets` (
  `email` varchar(255) COLLATE utf8_unicode_ci NOT NULL,
  `token` varchar(255) COLLATE utf8_unicode_ci NOT NULL,
  `created_at` timestamp NOT NULL DEFAULT CURRENT_TIMESTAMP ON UPDATE CURRENT_TIMESTAMP
) ENGINE=InnoDB DEFAULT CHARSET=utf8 COLLATE=utf8_unicode_ci;

-- --------------------------------------------------------

--
-- Table structure for table `search_history`
--

CREATE TABLE `search_history` (
  `id` int(10) UNSIGNED NOT NULL,
  `term` varchar(255) COLLATE utf8_unicode_ci NOT NULL,
  `user_id` int(10) UNSIGNED NOT NULL,
  `created_at` timestamp NULL DEFAULT NULL,
  `updated_at` timestamp NULL DEFAULT NULL
) ENGINE=InnoDB DEFAULT CHARSET=utf8 COLLATE=utf8_unicode_ci;

--
-- Dumping data for table `search_history`
--

INSERT INTO `search_history` (`id`, `term`, `user_id`, `created_at`, `updated_at`) VALUES
(1, 'pro', 4, '2016-05-15 17:05:53', '2016-05-15 17:05:53'),
(2, 'hotmail', 44, '2015-07-28 17:05:53', '2015-07-28 17:05:53'),
(3, 'Trump', 27, '2015-09-06 17:05:53', '2015-09-06 17:05:53'),
(4, 'Juliette', 9, '2016-08-29 17:05:53', '2016-08-29 17:05:53'),
(5, 'Blanchard', 11, '2015-10-18 17:05:53', '2015-10-18 17:05:53'),
(6, 'Dakar', 26, '2016-08-19 17:05:53', '2016-08-19 17:05:53'),
(7, 'Montréal', 16, '2016-11-02 17:05:53', '2016-11-02 17:05:53'),
(8, 'ca', 21, '2016-03-15 17:05:53', '2016-03-15 17:05:53'),
(9, 'Roy', 21, '2016-04-24 17:05:53', '2016-04-24 17:05:53'),
(10, 'Joël', 27, '2016-12-14 18:05:53', '2016-12-14 18:05:53'),
(11, 'coop', 32, '2016-11-27 18:05:53', '2016-11-27 18:05:53'),
(12, 'Dakar', 3, '2016-01-03 18:05:53', '2016-01-03 18:05:53'),
(13, 'outlook', 49, '2016-03-25 17:05:53', '2016-03-25 17:05:53'),
(14, 'Trump', 42, '2015-06-16 17:05:53', '2015-06-16 17:05:53'),
(15, 'Blanchard', 25, '2016-04-01 17:05:53', '2016-04-01 17:05:53'),
(16, 'Justine', 37, '2015-05-27 17:05:53', '2015-05-27 17:05:53'),
(17, 'Queen', 33, '2016-04-26 17:05:53', '2016-04-26 17:05:53'),
(18, 'Cathérine', 41, '2016-10-23 17:05:53', '2016-10-23 17:05:53'),
(19, 'Paris', 23, '2016-01-17 18:05:53', '2016-01-17 18:05:53'),
(20, 'Joël', 31, '2016-03-09 18:05:53', '2016-03-09 18:05:53'),
(21, 'Malik', 38, '2016-07-10 17:05:53', '2016-07-10 17:05:53'),
(22, 'Bertran', 20, '2016-08-27 17:05:53', '2016-08-27 17:05:53'),
(23, 'Michael', 26, '2016-08-25 17:05:53', '2016-08-25 17:05:53'),
(24, 'Lafrance', 18, '2016-01-19 18:05:53', '2016-01-19 18:05:53'),
(25, 'Victor', 2, '2015-12-24 18:05:53', '2015-12-24 18:05:53'),
(26, 'net', 48, '2016-05-16 17:05:53', '2016-05-16 17:05:53'),
(27, 'Alice', 12, '2015-12-18 18:05:53', '2015-12-18 18:05:53'),
(28, 'Caron', 6, '2016-10-16 17:05:53', '2016-10-16 17:05:53'),
(29, 'Antony', 41, '2016-04-08 17:05:53', '2016-04-08 17:05:53'),
(30, 'King Est', 22, '2016-07-12 17:05:53', '2016-07-12 17:05:53'),
(31, 'Malic', 31, '2015-12-27 18:05:53', '2015-12-27 18:05:53'),
(32, 'Blanchard', 27, '2016-02-05 18:05:53', '2016-02-05 18:05:53'),
(33, 'Félix', 42, '2016-07-10 17:05:53', '2016-07-10 17:05:53'),
(34, 'Dakar', 11, '2016-11-14 18:05:53', '2016-11-14 18:05:53'),
(35, 'org', 11, '2016-04-03 17:05:53', '2016-04-03 17:05:53'),
(36, 'Rollan', 39, '2015-10-07 17:05:53', '2015-10-07 17:05:53'),
(37, 'Blanchard', 20, '2016-09-09 17:05:53', '2016-09-09 17:05:53'),
(38, 'Bouchard', 11, '2016-04-25 17:05:53', '2016-04-25 17:05:53'),
(39, 'Irak', 3, '2015-06-28 17:05:53', '2015-06-28 17:05:53'),
(40, 'Coté', 26, '2016-10-09 17:05:53', '2016-10-09 17:05:53'),
(41, 'Borris', 13, '2015-11-25 18:05:53', '2015-11-25 18:05:53'),
(42, 'Olivier', 43, '2016-04-02 17:05:53', '2016-04-02 17:05:53'),
(43, 'coop', 33, '2016-07-04 17:05:53', '2016-07-04 17:05:53'),
(44, 'Blanchard', 45, '2015-12-26 18:05:53', '2015-12-26 18:05:53'),
(45, 'gmail', 37, '2015-09-28 17:05:53', '2015-09-28 17:05:53'),
(46, 'Amélia', 50, '2015-08-09 17:05:53', '2015-08-09 17:05:53'),
(47, 'Isaac', 4, '2016-05-22 17:05:53', '2016-05-22 17:05:53'),
(48, 'Barbeau', 28, '2016-01-09 18:05:53', '2016-01-09 18:05:53'),
(49, 'Léa', 30, '2015-05-05 17:05:53', '2015-05-05 17:05:53'),
(50, 'Edouard', 5, '2015-10-02 17:05:53', '2015-10-02 17:05:53'),
(51, 'info', 41, '2016-04-24 17:05:53', '2016-04-24 17:05:53'),
(52, 'Bob', 34, '2015-05-25 17:05:53', '2015-05-25 17:05:53'),
(53, 'Charles', 6, '2016-04-16 17:05:53', '2016-04-16 17:05:53'),
(54, 'Bouchard', 2, '2015-08-15 17:05:53', '2015-08-15 17:05:53'),
(55, 'Gouin', 47, '2016-08-20 17:05:53', '2016-08-20 17:05:53'),
(56, 'Coté', 45, '2016-09-21 17:05:53', '2016-09-21 17:05:53'),
(57, 'Alexia', 4, '2016-01-29 18:05:53', '2016-01-29 18:05:53'),
(58, 'Alex', 11, '2016-08-05 17:05:53', '2016-08-05 17:05:53'),
(59, 'Lépine', 48, '2016-11-24 18:05:53', '2016-11-24 18:05:53'),
(60, 'org', 19, '2016-11-15 18:05:53', '2016-11-15 18:05:53'),
(61, 'Le Caire', 39, '2016-04-16 17:05:53', '2016-04-16 17:05:53'),
(62, 'Antoine', 27, '2015-12-16 18:05:53', '2015-12-16 18:05:53'),
(63, 'hotmail', 44, '2015-10-26 17:05:53', '2015-10-26 17:05:53'),
(64, 'Olivier', 40, '2016-10-27 17:05:53', '2016-10-27 17:05:53'),
(65, 'Olivier', 48, '2016-01-22 18:05:53', '2016-01-22 18:05:53'),
(66, 'Pellerin', 22, '2016-09-25 17:05:53', '2016-09-25 17:05:53'),
(67, 'Blv Université', 14, '2016-03-19 17:05:53', '2016-03-19 17:05:53'),
(68, 'Camille', 14, '2016-09-20 17:05:53', '2016-09-20 17:05:53'),
(69, 'ca', 47, '2015-05-01 17:05:53', '2015-05-01 17:05:53'),
(70, 'Bertran', 40, '2016-03-16 17:05:53', '2016-03-16 17:05:53'),
(71, 'Berlin', 8, '2016-10-22 17:05:53', '2016-10-22 17:05:53'),
(72, 'Lagacé', 25, '2015-11-27 18:05:53', '2015-11-27 18:05:53'),
(73, 'Irak', 25, '2016-07-07 17:05:53', '2016-07-07 17:05:53'),
(74, 'gov', 2, '2015-10-04 17:05:53', '2015-10-04 17:05:53'),
(75, 'co', 4, '2015-06-29 17:05:53', '2015-06-29 17:05:53'),
(76, 'Malic', 30, '2016-03-03 18:05:53', '2016-03-03 18:05:53'),
(77, 'Caron', 45, '2016-04-11 17:05:53', '2016-04-11 17:05:53'),
(78, 'Tremblay', 3, '2015-12-15 18:05:53', '2015-12-15 18:05:53'),
(79, 'Cathérine', 2, '2015-11-30 18:05:53', '2015-11-30 18:05:53'),
(80, 'Léa', 12, '2016-11-06 18:05:53', '2016-11-06 18:05:53'),
(81, 'Roy', 46, '2015-05-23 17:05:53', '2015-05-23 17:05:53'),
(82, 'Rene', 13, '2016-07-15 17:05:53', '2016-07-15 17:05:53'),
(83, 'Justine', 29, '2015-12-19 18:05:53', '2015-12-19 18:05:53'),
(84, 'net', 30, '2016-06-14 17:05:53', '2016-06-14 17:05:53'),
(85, 'Victoria', 43, '2015-06-12 17:05:53', '2015-06-12 17:05:53'),
(86, 'Jakarta', 27, '2016-06-07 17:05:53', '2016-06-07 17:05:53'),
(87, 'Paris', 37, '2016-01-03 18:05:53', '2016-01-03 18:05:53'),
(88, 'asia', 15, '2015-12-16 18:05:53', '2015-12-16 18:05:53'),
(89, 'Jacques Cartier', 25, '2015-07-25 17:05:53', '2015-07-25 17:05:53'),
(90, 'Laberge', 17, '2015-05-20 17:05:53', '2015-05-20 17:05:53'),
(91, 'Berlin', 2, '2015-07-30 17:05:53', '2015-07-30 17:05:53'),
(92, 'Patrick', 27, '2015-07-09 17:05:53', '2015-07-09 17:05:53'),
(93, 'tel', 6, '2015-09-13 17:05:53', '2015-09-13 17:05:53'),
(94, 'Sarah', 26, '2015-08-04 17:05:53', '2015-08-04 17:05:53'),
(95, 'Joël', 26, '2016-09-03 17:05:53', '2016-09-03 17:05:53'),
(96, 'Cathérine', 46, '2016-02-09 18:05:53', '2016-02-09 18:05:53'),
(97, 'Ranger', 24, '2016-08-15 17:05:53', '2016-08-15 17:05:53'),
(98, 'Coté', 27, '2016-10-20 17:05:53', '2016-10-20 17:05:53'),
(99, 'King Est', 36, '2015-07-24 17:05:53', '2015-07-24 17:05:53'),
(100, 'tel', 32, '2016-03-27 17:05:53', '2016-03-27 17:05:53');

-- --------------------------------------------------------

--
-- Table structure for table `transactions`
--

CREATE TABLE `transactions` (
  `id` int(10) UNSIGNED NOT NULL,
  `user_id` int(10) UNSIGNED NOT NULL,
  `licence_type_id` int(10) UNSIGNED NOT NULL,
  `licence_version_id` int(10) UNSIGNED NOT NULL,
  `licence_fee_id` int(10) UNSIGNED NOT NULL,
  `licence_owner_id` int(10) UNSIGNED DEFAULT NULL,
  `price_type_id` int(11) DEFAULT NULL,
  `accepted_date` datetime DEFAULT NULL,
  `refusal_date` datetime DEFAULT NULL,
  `paid_date` datetime DEFAULT NULL,
  `comment_user` text COLLATE utf8_unicode_ci NOT NULL,
  `comment_admin` text COLLATE utf8_unicode_ci NOT NULL,
  `cancelled_date` datetime DEFAULT NULL,
  `paypal_id` varchar(250) COLLATE utf8_unicode_ci DEFAULT NULL,
  `payer_email` varchar(250) COLLATE utf8_unicode_ci DEFAULT NULL,
  `created_at` timestamp NULL DEFAULT NULL,
  `updated_at` timestamp NULL DEFAULT NULL
) ENGINE=InnoDB DEFAULT CHARSET=utf8 COLLATE=utf8_unicode_ci;

--
-- Dumping data for table `transactions`
--

INSERT INTO `transactions` (`id`, `user_id`, `licence_type_id`, `licence_version_id`, `licence_fee_id`, `licence_owner_id`, `price_type_id`, `accepted_date`, `refusal_date`, `paid_date`, `comment_user`, `comment_admin`, `cancelled_date`, `paypal_id`, `payer_email`, `created_at`, `updated_at`) VALUES
(1, 46, 1, 1, 1, 16, NULL, NULL, NULL, NULL, '', '', NULL, NULL, NULL, '2016-12-21 18:05:00', '2016-12-21 18:05:00'),
(2, 33, 2, 1, 1, 16, NULL, NULL, NULL, NULL, '', '', NULL, NULL, NULL, '2016-12-21 18:05:00', '2016-12-21 18:05:00'),
(3, 36, 3, 1, 1, 15, NULL, NULL, NULL, NULL, '', '', NULL, NULL, NULL, '2016-12-21 18:05:00', '2016-12-21 18:05:00'),
(4, 6, 4, 1, 1, 17, NULL, NULL, NULL, NULL, '', '', NULL, NULL, NULL, '2016-12-21 18:05:00', '2016-12-21 18:05:00'),
(5, 3, 5, 1, 1, 3, NULL, NULL, NULL, NULL, '', '', NULL, NULL, NULL, '2016-12-21 18:05:00', '2016-12-21 18:05:00'),
(6, 3, 6, 1, 1, NULL, NULL, NULL, NULL, NULL, '', '', NULL, NULL, NULL, '2016-12-21 18:05:00', '2016-12-21 18:05:00'),
(7, 39, 7, 1, 1, NULL, NULL, NULL, NULL, NULL, '', '', NULL, NULL, NULL, '2016-12-21 18:05:00', '2016-12-21 18:05:00');

-- --------------------------------------------------------

--
-- Table structure for table `transactions_documents`
--

CREATE TABLE `transactions_documents` (
  `id` int(10) UNSIGNED NOT NULL,
  `document_id` int(10) UNSIGNED NOT NULL,
  `transaction_id` int(10) UNSIGNED NOT NULL,
  `created_at` timestamp NULL DEFAULT NULL,
  `updated_at` timestamp NULL DEFAULT NULL
) ENGINE=InnoDB DEFAULT CHARSET=utf8 COLLATE=utf8_unicode_ci;

--
-- Dumping data for table `transactions_documents`
--

INSERT INTO `transactions_documents` (`id`, `document_id`, `transaction_id`, `created_at`, `updated_at`) VALUES
(1, 6, 5, '2016-07-31 17:05:53', '2016-07-31 17:05:53'),
(2, 20, 6, '2015-12-12 18:05:53', '2015-12-12 18:05:53'),
(3, 5, 3, '2015-06-06 17:05:53', '2015-06-06 17:05:53'),
(4, 20, 2, '2016-11-24 18:05:53', '2016-11-24 18:05:53'),
(5, 25, 1, '2015-07-03 17:05:53', '2015-07-03 17:05:53'),
(6, 17, 1, '2016-03-08 18:05:53', '2016-03-08 18:05:53'),
(7, 25, 5, '2016-10-28 17:05:53', '2016-10-28 17:05:53'),
(8, 4, 4, '2015-08-24 17:05:53', '2015-08-24 17:05:53'),
(9, 3, 7, '2015-12-24 18:05:53', '2015-12-24 18:05:53'),
(10, 26, 5, '2015-07-12 17:05:53', '2015-07-12 17:05:53'),
(11, 5, 3, '2015-07-19 17:05:53', '2015-07-19 17:05:53'),
(12, 27, 3, '2015-09-23 17:05:53', '2015-09-23 17:05:53'),
(13, 3, 1, '2015-06-30 17:05:53', '2015-06-30 17:05:53'),
(14, 17, 6, '2015-05-12 17:05:53', '2015-05-12 17:05:53'),
(15, 31, 6, '2016-01-20 18:05:53', '2016-01-20 18:05:53'),
(16, 18, 6, '2015-08-29 17:05:53', '2015-08-29 17:05:53'),
(17, 5, 7, '2015-08-24 17:05:53', '2015-08-24 17:05:53'),
(18, 6, 5, '2016-04-01 17:05:53', '2016-04-01 17:05:53'),
(19, 12, 1, '2015-06-03 17:05:53', '2015-06-03 17:05:53'),
(20, 18, 4, '2016-05-31 17:05:53', '2016-05-31 17:05:53'),
(21, 5, 1, '2015-07-21 17:05:53', '2015-07-21 17:05:53'),
(22, 28, 2, '2016-04-18 17:05:53', '2016-04-18 17:05:53'),
(23, 32, 4, '2016-06-21 17:05:53', '2016-06-21 17:05:53'),
(24, 21, 5, '2016-07-04 17:05:53', '2016-07-04 17:05:53'),
(25, 18, 7, '2016-10-23 17:05:53', '2016-10-23 17:05:53'),
(26, 2, 6, '2016-01-24 18:05:53', '2016-01-24 18:05:53'),
(27, 32, 4, '2016-04-13 17:05:53', '2016-04-13 17:05:53'),
(28, 3, 7, '2016-11-28 18:05:53', '2016-11-28 18:05:53'),
(29, 7, 2, '2016-11-27 18:05:53', '2016-11-27 18:05:53'),
(30, 26, 4, '2016-12-08 18:05:53', '2016-12-08 18:05:53'),
(31, 2, 3, '2016-01-13 18:05:53', '2016-01-13 18:05:53'),
(32, 20, 4, '2016-02-19 18:05:53', '2016-02-19 18:05:53'),
(33, 19, 2, '2015-10-14 17:05:53', '2015-10-14 17:05:53'),
(34, 20, 3, '2016-03-12 18:05:53', '2016-03-12 18:05:53'),
(35, 10, 1, '2016-01-30 18:05:53', '2016-01-30 18:05:53'),
(36, 20, 1, '2016-10-19 17:05:53', '2016-10-19 17:05:53'),
(37, 17, 5, '2015-11-11 18:05:53', '2015-11-11 18:05:53'),
(38, 18, 6, '2016-11-13 18:05:53', '2016-11-13 18:05:53'),
(39, 14, 2, '2015-12-19 18:05:53', '2015-12-19 18:05:53'),
(40, 25, 4, '2015-10-11 17:05:53', '2015-10-11 17:05:53'),
(41, 15, 7, '2015-06-09 17:05:53', '2015-06-09 17:05:53'),
(42, 5, 6, '2016-03-28 17:05:53', '2016-03-28 17:05:53'),
(43, 18, 7, '2016-01-17 18:05:53', '2016-01-17 18:05:53'),
(44, 13, 6, '2015-09-06 17:05:53', '2015-09-06 17:05:53'),
(45, 10, 6, '2016-12-06 18:05:53', '2016-12-06 18:05:53'),
(46, 13, 4, '2015-09-08 17:05:53', '2015-09-08 17:05:53'),
(47, 12, 5, '2015-11-10 18:05:53', '2015-11-10 18:05:53'),
(48, 10, 1, '2016-08-30 17:05:53', '2016-08-30 17:05:53'),
(49, 16, 4, '2015-05-12 17:05:53', '2015-05-12 17:05:53'),
(50, 28, 1, '2015-10-13 17:05:53', '2015-10-13 17:05:53'),
(51, 32, 4, '2015-10-07 17:05:53', '2015-10-07 17:05:53'),
(52, 24, 6, '2016-06-02 17:05:53', '2016-06-02 17:05:53'),
(53, 28, 7, '2016-06-04 17:05:53', '2016-06-04 17:05:53'),
(54, 19, 7, '2016-04-06 17:05:53', '2016-04-06 17:05:53'),
(55, 3, 6, '2016-12-11 18:05:53', '2016-12-11 18:05:53'),
(56, 16, 1, '2016-09-28 17:05:53', '2016-09-28 17:05:53'),
(57, 28, 1, '2016-10-13 17:05:53', '2016-10-13 17:05:53'),
(58, 3, 6, '2016-01-21 18:05:53', '2016-01-21 18:05:53'),
(59, 27, 6, '2016-06-22 17:05:53', '2016-06-22 17:05:53'),
(60, 27, 7, '2016-12-18 18:05:53', '2016-12-18 18:05:53'),
(61, 13, 1, '2015-07-28 17:05:53', '2015-07-28 17:05:53'),
(62, 12, 1, '2016-07-17 17:05:53', '2016-07-17 17:05:53'),
(63, 28, 7, '2015-07-13 17:05:53', '2015-07-13 17:05:53'),
(64, 19, 2, '2015-08-08 17:05:53', '2015-08-08 17:05:53'),
(65, 28, 1, '2016-01-06 18:05:53', '2016-01-06 18:05:53'),
(66, 32, 6, '2016-08-25 17:05:53', '2016-08-25 17:05:53'),
(67, 12, 2, '2016-02-13 18:05:53', '2016-02-13 18:05:53'),
(68, 31, 5, '2016-11-28 18:05:53', '2016-11-28 18:05:53'),
(69, 5, 5, '2015-08-08 17:05:53', '2015-08-08 17:05:53'),
(70, 32, 3, '2016-02-13 18:05:53', '2016-02-13 18:05:53'),
(71, 31, 2, '2016-02-17 18:05:53', '2016-02-17 18:05:53'),
(72, 26, 3, '2016-02-12 18:05:53', '2016-02-12 18:05:53'),
(73, 23, 3, '2015-12-04 18:05:53', '2015-12-04 18:05:53'),
(74, 28, 5, '2015-07-06 17:05:53', '2015-07-06 17:05:53'),
(75, 27, 7, '2015-12-05 18:05:53', '2015-12-05 18:05:53'),
(76, 12, 2, '2015-11-03 18:05:53', '2015-11-03 18:05:53'),
(77, 14, 7, '2016-02-09 18:05:53', '2016-02-09 18:05:53'),
(78, 22, 1, '2016-03-20 17:05:53', '2016-03-20 17:05:53'),
(79, 20, 7, '2016-09-09 17:05:53', '2016-09-09 17:05:53'),
(80, 14, 1, '2016-03-26 17:05:53', '2016-03-26 17:05:53'),
(81, 23, 4, '2016-02-07 18:05:53', '2016-02-07 18:05:53'),
(82, 30, 4, '2015-07-08 17:05:53', '2015-07-08 17:05:53'),
(83, 15, 3, '2015-06-30 17:05:53', '2015-06-30 17:05:53'),
(84, 10, 6, '2016-08-17 17:05:53', '2016-08-17 17:05:53'),
(85, 14, 1, '2016-09-05 17:05:53', '2016-09-05 17:05:53'),
(86, 23, 3, '2016-06-07 17:05:53', '2016-06-07 17:05:53'),
(87, 2, 4, '2016-10-20 17:05:53', '2016-10-20 17:05:53'),
(88, 23, 4, '2015-07-17 17:05:53', '2015-07-17 17:05:53'),
(89, 2, 6, '2016-02-21 18:05:53', '2016-02-21 18:05:53'),
(90, 16, 5, '2016-04-02 17:05:53', '2016-04-02 17:05:53'),
(91, 18, 4, '2016-01-19 18:05:53', '2016-01-19 18:05:53'),
(92, 32, 5, '2015-08-02 17:05:53', '2015-08-02 17:05:53'),
(93, 14, 3, '2016-11-26 18:05:53', '2016-11-26 18:05:53'),
(94, 11, 5, '2016-05-09 17:05:53', '2016-05-09 17:05:53'),
(95, 18, 7, '2016-01-21 18:05:53', '2016-01-21 18:05:53'),
(96, 29, 5, '2016-11-30 18:05:53', '2016-11-30 18:05:53'),
(97, 1, 2, '2015-08-18 17:05:53', '2015-08-18 17:05:53'),
(98, 24, 2, '2015-09-01 17:05:53', '2015-09-01 17:05:53'),
(99, 10, 6, '2015-07-16 17:05:53', '2015-07-16 17:05:53'),
(100, 23, 2, '2015-07-31 17:05:53', '2015-07-31 17:05:53');

-- --------------------------------------------------------

--
-- Table structure for table `users`
--

CREATE TABLE `users` (
  `id` int(10) UNSIGNED NOT NULL,
  `username` varchar(255) COLLATE utf8_unicode_ci NOT NULL,
  `first_name` varchar(255) COLLATE utf8_unicode_ci NOT NULL,
  `last_name` varchar(255) COLLATE utf8_unicode_ci NOT NULL,
  `email` varchar(255) COLLATE utf8_unicode_ci NOT NULL,
  `password` varchar(300) COLLATE utf8_unicode_ci NOT NULL,
  `address` varchar(255) COLLATE utf8_unicode_ci NOT NULL,
  `town` varchar(255) COLLATE utf8_unicode_ci NOT NULL,
  `postal_code` varchar(255) COLLATE utf8_unicode_ci NOT NULL,
  `province` varchar(255) COLLATE utf8_unicode_ci NOT NULL,
  `country` varchar(255) COLLATE utf8_unicode_ci NOT NULL,
  `phone` varchar(255) COLLATE utf8_unicode_ci NOT NULL,
  `active` tinyint(4) NOT NULL,
  `confirmed` tinyint(1) NOT NULL,
  `user_type_id` int(10) UNSIGNED NOT NULL,
  `remember_token` varchar(100) COLLATE utf8_unicode_ci DEFAULT NULL,
  `created_at` timestamp NULL DEFAULT NULL,
  `updated_at` timestamp NULL DEFAULT NULL
) ENGINE=InnoDB DEFAULT CHARSET=utf8 COLLATE=utf8_unicode_ci;

--
-- Dumping data for table `users`
--

INSERT INTO `users` (`id`, `username`, `first_name`, `last_name`, `email`, `password`, `address`, `town`, `postal_code`, `province`, `country`, `phone`, `active`, `confirmed`, `user_type_id`, `remember_token`, `created_at`, `updated_at`) VALUES
(1, 'Admin', 'Admin', 'Nistrateur', 'matcaron22@gmail.com', '$2y$10$.sn7ELX764d3Cv6XBgCPMeB8tZskb/aOhZ1rzcQq2f4psx7S341Lm', '12 Rue Galt', 'Paris', 'B1L2M8', 'PE', 'France', '(0033)819156458', 1, 1, 1, NULL, '2016-12-21 18:05:00', '2016-12-21 18:05:00'),
(2, 'Employep', 'Employe', 'Plus', 'employep@gmail.com', '$2y$10$6h5AbQusu6/cvXrEra/s8ubNxX7srt.YgYhj2IlzwbW2zK3V5evjy', '12 Rue Galt', 'Paris', 'B1L2M8', 'PE', 'France', '(0033)819156458', 1, 1, 2, NULL, '2016-12-21 18:05:00', '2016-12-21 18:05:00'),
(3, 'Employe', 'Employe', 'PasPlus', 'employe@gmail.com', '$2y$10$i1ZcKIv.XV16i6xLEJu8b.RAf53.DC4ChtRRjuelb6tmlShzmCcM6', '12 Rue Galt', 'Paris', 'B1L2M8', 'PE', 'France', '(0033)819156458', 1, 1, 3, NULL, '2016-12-21 18:05:00', '2016-12-21 18:05:00'),
(4, 'Client', 'Mathieu', 'Caron', 'bdsh_udes@hotmail.com', '$2y$10$BIY/ZM5miVzFud1ekTilm.GrW4NfoH4bEJWNxY8XRSgcc5avusGYG', '12 Rue Galt', 'Sherbrooke', 'B1L2M8', 'Quebec', 'Canada', '(0033)819156458', 1, 1, 4, NULL, '2016-12-21 18:05:00', '2016-12-21 18:05:00'),
(5, 'Alex0', 'Aurelie', 'Lepine', 'JohnCaron0@gmail.fr', '$2y$10$JxsSv5p0hwbaikpJuLuALeI0urdCQ.9/kHp.Zm6jMiCAaaxtNtncW', '111, King Est', 'Bruxelles', 'H5N5R4', 'MC', 'Belgique', '(501)4713753605', 0, 1, 4, NULL, '2016-12-21 18:05:00', '2016-12-21 18:05:00'),
(6, 'Malik1', 'Malic', 'Gagnon', 'OlivierFortin1@yahoo.co', '$2y$10$sZ1YQniR478VWd6.7FWqqevdEbvv4dNA6ZTSdyq1KWIv3bWfKIWu6', '85, Blanchard', 'Bruxelles', 'D5G1Y7', 'UU', 'Mali', '(223)6521880986', 1, 1, 2, NULL, '2016-12-21 18:05:00', '2016-12-21 18:05:00'),
(7, 'Edouard2', 'Edouard', 'Miler', 'SarahPellerin2@universite.jobs', '$2y$10$TUN9ac2wsICRRA2Ykrq07.KyVGChjj3SKVmAawh7SILcuxPObHU5a', '139, Galvin', 'Montreal', 'R2H7L4', 'BQ', 'Bresil', '(291)6023971864', 0, 1, 4, NULL, '2016-12-21 18:05:00', '2016-12-21 18:05:00'),
(8, 'Rene3', 'Malic', 'Nolet', 'JustineRoy3@yahoo.coop', '$2y$10$uL0ghOLdw.R/gkrbWb1qg.4wwSmuvRCjkivbdwIyeFwuvQO0CeqFC', '110, Queen', 'Dakar', 'N2Z4X5', 'KO', 'Mali', '(184)5278345177', 1, 1, 2, NULL, '2016-12-21 18:05:00', '2016-12-21 18:05:00'),
(9, 'Olivier4', 'Rene', 'Rivest', 'AlexiaCote4@outlook.co', '$2y$10$rJi15ij7uyDBiTIv/KEAyu1LMhiDxlhrwrZhKtC37MH1JxXMMabTq', '94, Galvin', 'Montreal', 'K8P6U3', 'DM', 'Irak', '(175)3333423155', 1, 1, 2, NULL, '2016-12-21 18:05:00', '2016-12-21 18:05:00'),
(10, 'Chloe5', 'Rene', 'Laberge', 'AntonyBouchard5@outlook.cat', '$2y$10$a/z2wMoeiSO3yBbL4MPd3.SplNRHM0q4C4KGHEQzZaAE5Rq0pt592', '11, King Est', 'Le Caire', 'E2B3C3', 'BG', 'Liban', '(282)2716882372', 1, 1, 3, NULL, '2016-12-21 18:05:00', '2016-12-21 18:05:00'),
(11, 'Malik6', 'Victor', 'Roy', 'MalicRanger6@hotmail.edu', '$2y$10$xuc8LZAiqiuGnGGN4KvqOuQ06Ccyaoqz1pQiNhIS4dP.ga0i3FEMK', '136, Galvin', 'Washington', 'F7X3Y7', 'SF', 'Canada', '(504)7429844527', 0, 1, 2, NULL, '2016-12-21 18:05:00', '2016-12-21 18:05:00'),
(12, 'Antoine7', 'Isaac', 'Gagnon', 'AurelieGouin7@gmail.edu', '$2y$10$k58WctkUpITJ3QoN.bv6J.sGA3Me/AoiwA5Oyap6ysGCNhPv1jDYm', '92, Blv Universite', 'Le Caire', 'O8S6M6', 'ME', 'Suisse', '(426)5439114287', 1, 1, 3, NULL, '2016-12-21 18:05:00', '2016-12-21 18:05:00'),
(13, 'Borris8', 'John', 'Rivest', 'AdamGagnon8@gmail.co', '$2y$10$bhvf5FwambpOPreJSTzgZepNm8vYFNJB.yj5hN2sJ1Sgm5csXLXi.', '141, Jacques Cartier', 'Dakar', 'I8D4P2', 'EY', 'Serbie', '(263)6752414622', 0, 1, 2, NULL, '2016-12-21 18:05:00', '2016-12-21 18:05:00'),
(14, 'Sarah9', 'Patrick', 'Cote', 'IsaacGouin9@yahoo.cat', '$2y$10$eaq804XHNQHeOp1pj/JuQO/5PH.pxK8VCD6W3TAd6551UT0j8HM3K', '180, King Ouest', 'Bruxelles', 'R6P6O7', 'WE', 'Suisse', '(590)9644906343', 0, 1, 4, NULL, '2016-12-21 18:05:00', '2016-12-21 18:05:00'),
(15, 'Edouard10', 'Justine', 'Lagace', 'IsaacRivest10@hotmail.info', '$2y$10$GiMVBPc1Yt.hcHrlkUWTfuJe6MCe/RGd33klKsmGDTSeWpKNIi02a', '78, Cabana', 'Berlin', 'L4V9Z5', 'OF', 'Irak', '(624)2127976689', 1, 1, 3, NULL, '2016-12-21 18:05:00', '2016-12-21 18:05:00'),
(16, 'Edouard11', 'Camille', 'Trump', 'CamilleGagne11@outlook.net', '$2y$10$vwvtj.kJV8NzHgr0ma55vuWkkVUOvXXR4jgb8.4BTfpkiX.k9F5Qa', '198, Jacques Cartier', 'Le Caire', 'Z5Y2I2', 'ZQ', 'France', '(691)4815742365', 1, 1, 2, NULL, '2016-12-21 18:05:00', '2016-12-21 18:05:00'),
(17, 'Charles12', 'Roger', 'Lafrance', 'ChloePellerin12@yahoo.gov', '$2y$10$ce68Y0mU3l4aZB9Cd7HyAuVGhpJsTFnCOcMbyM5P/on22WYM9CkR6', '13, Cabana', 'Brasilia', 'V3Y6V9', 'ID', 'Thaïlande', '(552)2775502181', 0, 1, 3, NULL, '2016-12-21 18:05:00', '2016-12-21 18:05:00'),
(18, 'John13', 'Amelia', 'Lagace', 'SimonChan13@universite.edu', '$2y$10$ZexR4N2VHltR/hwMPb4Em.Ykkq6kLW63wu4zX9Mc37lqQBCbVKlcy', '163, Victoria', 'Jakarta', 'L3N7E1', 'ZI', 'Serbie', '(113)5171609686', 1, 1, 4, NULL, '2016-12-21 18:05:00', '2016-12-21 18:05:00'),
(19, 'Catherine14', 'Victor', 'Barbeau', 'IsaacMiler14@hotmail.co', '$2y$10$FaoT49tswlE.qjSr49NR4uc8RdYKjX.YK4sU2qPEPzsUz89gpVSo2', '108, King Ouest', 'Brasilia', 'D8X4I5', 'KI', 'Belgique', '(329)7693944138', 0, 1, 3, NULL, '2016-12-21 18:05:00', '2016-12-21 18:05:00'),
(20, 'Alex15', 'Roger', 'Chan', 'JulietteLafrance15@outlook.fr', '$2y$10$7uH1oX/7LZUhUIC7qxLSZ.81ULNFAkNvINUYgKQa8cy26Z0mv1D/u', '189, Galvin', 'Bruxelles', 'N1N1D9', 'RR', 'Bresil', '(275)1095009091', 0, 1, 4, NULL, '2016-12-21 18:05:00', '2016-12-21 18:05:00'),
(21, 'Joël16', 'Rollan', 'Trump', 'PatrickBouchard16@universite.coop', '$2y$10$x4eSgSj5je3hjOJ/IX5uCu1tX28biW/rbwNfXH6.sC6kNqrCRtHau', '46, Cabana', 'Berlin', 'P9T9F4', 'IX', 'Thaïlande', '(821)6142464202', 0, 1, 4, NULL, '2016-12-21 18:05:00', '2016-12-21 18:05:00'),
(22, 'Malic17', 'Julien', 'Bouchard', 'AdamRoy17@hotmail.net', '$2y$10$MOJJfsnPwTA2cXwZkA5mPeNCiRxT21fGsRQ3gCIl9hoQ6j1aIkqDe', '102, Victoria', 'Paris', 'F3R5Q9', 'EL', 'Canada', '(530)7886979050', 0, 1, 3, NULL, '2016-12-21 18:05:00', '2016-12-21 18:05:00'),
(23, 'Edouard18', 'John', 'Bouchard', 'AdamLafrance18@yahoo.net', '$2y$10$YCvzlpHmStHNvyD3lXTHoutc1JTRnMWkJr5iworEt/e/Erpiw4FEy', '178, Galvin', 'Sherbrooke', 'Z9W3S5', 'AJ', 'Bresil', '(398)1916716632', 1, 1, 4, NULL, '2016-12-21 18:05:00', '2016-12-21 18:05:00'),
(24, 'Julien19', 'Rollan', 'Nolet', 'ClaraTremblay19@universite.tel', '$2y$10$i.f/siKu4JuNBwU5jaBGQe3olPsaUdaXXKXUmL1H9jE8eHQX201.a', '17, Jacques Cartier', 'Jakarta', 'Y1D8S6', 'HA', 'Irak', '(127)3936651240', 0, 1, 3, NULL, '2016-12-21 18:05:00', '2016-12-21 18:05:00'),
(25, 'Paul20', 'Antoine', 'Miler', 'AliceLepine20@hotmail.info', '$2y$10$j2N/KvG/J1UjYyyAP7v17e3gO3j7bc9rb7V0ftXtsj3y7Ckz4RNW6', '190, Queen', 'Washington', 'L6G2O1', 'YX', 'France', '(736)8558970771', 1, 1, 4, NULL, '2016-12-21 18:05:00', '2016-12-21 18:05:00'),
(26, 'Edouard21', 'Edouard', 'Rivest', 'AliceRoy21@hotmail.tel', '$2y$10$4WUceN2khDAXDWLZnug7fe8Y3x0SvLovarHK.c7aDQh1EL5BAwJLS', '142, Galvin', 'Jakarta', 'S1S5T1', 'EH', 'France', '(618)3555393231', 0, 1, 2, NULL, '2016-12-21 18:05:00', '2016-12-21 18:05:00'),
(27, 'Bertran22', 'Lea', 'Caron', 'CamilleFortin22@hotmail.asia', '$2y$10$VcW90GAInB6C8TWNG/bxaeTmit2v8.ySKrwD.zUPISoMPpXyJSE4u', '50, Cabana', 'Bruxelles', 'T3L5Y2', 'CB', 'Allemagne', '(406)0763879868', 0, 1, 2, NULL, '2016-12-21 18:05:00', '2016-12-21 18:05:00'),
(28, 'John23', 'Roger', 'Trump', 'RogerLagace23@gmail.info', '$2y$10$46zR8iAxoV5BmXhT6vP/t.s51qVvqFkaSbAuA//5tsOdnUVg0/8xe', '17, Galvin', 'Brasilia', 'Z4O4T8', 'OM', 'Thaïlande', '(132)7215497701', 0, 1, 3, NULL, '2016-12-21 18:05:00', '2016-12-21 18:05:00'),
(29, 'Catherine24', 'Camille', 'Ranger', 'AliceLaberge24@gmail.org', '$2y$10$RT6YFKFF0xvn05X.mrfUfeyTRL9cTpDz6pb6fBQYMgJ7.kkiihOau', '16, Blanchard', 'Le Caire', 'C9H9O8', 'YY', 'Serbie', '(275)3883695465', 1, 1, 3, NULL, '2016-12-21 18:05:00', '2016-12-21 18:05:00'),
(30, 'Adam25', 'Alex', 'Bouchard', 'AmeliaTremblay25@universite.ca', '$2y$10$d8PPX7lBKB.gPejVDRprNOav2IZTiRyqTXLOpEY/7atK/RDZqP5aq', '42, Victoria', 'Sherbrooke', 'S5L6F2', 'SO', 'Suisse', '(144)0146819008', 1, 1, 4, NULL, '2016-12-21 18:05:00', '2016-12-21 18:05:00'),
(31, 'Antony26', 'Alice', 'Lafrance', 'MalikLepine26@gmail.tel', '$2y$10$F5rkpXI7x/Nctd8MBMMQKeW.P/s8jSKPSrN2U5WQF08/hGtSLR5Oe', '58, Queen', 'Brasilia', 'F8J7S3', 'KD', 'Thaïlande', '(412)2602181603', 1, 1, 3, NULL, '2016-12-21 18:05:00', '2016-12-21 18:05:00'),
(32, 'Rollan27', 'Victor', 'Gouin', 'CatherineLepine27@universite.co', '$2y$10$yzShMyEvUKphP/OsDkRYBefuaih47HvRI2LrZcmEuWywOhPauE9te', '140, King Ouest', 'Bruxelles', 'J6O3B5', 'HU', 'Mali', '(871)1720073130', 0, 1, 4, NULL, '2016-12-21 18:05:00', '2016-12-21 18:05:00'),
(33, 'Olivier28', 'Malic', 'Lepine', 'AntonyCote28@yahoo.jobs', '$2y$10$JdY16Hgr9hKXHnj13dV70eGDHH9Hh3zVFXeMCtCdgiWl/Q8mplzW6', '50, Blv Universite', 'Sherbrooke', 'H7O3A5', 'AT', 'Canada', '(815)1692427044', 1, 1, 3, NULL, '2016-12-21 18:05:00', '2016-12-21 18:05:00'),
(34, 'Bob29', 'Lea', 'Gagnon', 'AlexiaMiler29@hotmail.com', '$2y$10$p/ZZeWyZ2Skyk24wKZTnWukMmLh35lLh/4TWEbEOWjlGuHriduAg2', '138, Queen', 'Le Caire', 'Y4P6U1', 'OB', 'Irak', '(796)6157034238', 1, 1, 3, NULL, '2016-12-21 18:05:00', '2016-12-21 18:05:00'),
(35, 'Simon30', 'Rene', 'Gouin', 'EdouardMiler30@outlook.net', '$2y$10$qsediLtrBUenZcyzy81WYur4Se9pZcfw78O2AA3iw42dQ55YDHJ56', '153, Jacques Cartier', 'Montreal', 'C2K7T6', 'TJ', 'Suisse', '(924)4629339616', 1, 1, 3, NULL, '2016-12-21 18:05:00', '2016-12-21 18:05:00'),
(36, 'Antony31', 'Felix', 'Cote', 'JulienBarbeau31@yahoo.jobs', '$2y$10$lHPkSdMan3sPVrL3v4MYQ.EJV/pgI6Q5UHnjyz12vFQ9IOycpsy1S', '149, Blanchard', 'Sherbrooke', 'X7V5I3', 'FR', 'Suisse', '(028)3019397206', 0, 1, 3, NULL, '2016-12-21 18:05:00', '2016-12-21 18:05:00'),
(37, 'Justine32', 'Rollan', 'Caron', 'MalikChan32@universite.asia', '$2y$10$PPoBWTBTAept084NCCkQlOc3hPL6yYgK0aG7Oa6TrQE/LO61ZLnTy', '52, Blv Universite', 'Washington', 'U7V6Q7', 'AB', 'Belgique', '(424)8865015293', 1, 1, 2, NULL, '2016-12-21 18:05:00', '2016-12-21 18:05:00'),
(38, 'Antony33', 'Juliette', 'Bouchard', 'JustineBarbeau33@universite.pro', '$2y$10$vXMTkVU3LK3BbE8cr9M9D.xsNUNtwv/ARqYJbq3yHt/d7LPpNCMOC', '191, Galvin', 'Brasilia', 'E4Y2F5', 'LM', 'Mali', '(231)8435716407', 0, 1, 2, NULL, '2016-12-21 18:05:00', '2016-12-21 18:05:00'),
(39, 'Antoine34', 'Juliette', 'Barbeau', 'RogerLafrance34@gmail.jobs', '$2y$10$B9cfxItom.L3nhwPFniTK.TsHcE/EyugafN3N.TNlq8tPkZ8Z9VTa', '98, Blanchard', 'Brasilia', 'D1H2W8', 'VM', 'Liban', '(888)4293390793', 1, 1, 4, NULL, '2016-12-21 18:05:00', '2016-12-21 18:05:00'),
(40, 'Lea35', 'Isaac', 'Lagace', 'JohnLepine35@universite.pro', '$2y$10$nLZivyQHNSkxG6Nb7v0C0eFHopjw9uJxFR.cxlmeUMGR6/uOWWg9u', '186, Jacques Cartier', 'Paris', 'G4E6J1', 'BW', 'Liban', '(553)0088906717', 0, 1, 4, NULL, '2016-12-21 18:05:00', '2016-12-21 18:05:00'),
(41, 'Camille36', 'Juliette', 'Chan', 'JohnFortin36@outlook.co', '$2y$10$gHL40aXrrd3F9Mp6boskUODzYYnNaralakjE5bKvoWhXg0pd3UxY2', '167, Cabana', 'Montreal', 'J7V9F3', 'PR', 'Allemagne', '(890)1177254880', 0, 1, 4, NULL, '2016-12-21 18:05:00', '2016-12-21 18:05:00'),
(42, 'John37', 'Roger', 'Chan', 'AntoineGouin37@outlook.gov', '$2y$10$JXjEcafX2.cXjEx8ddEwU..zyIndy2LMcYk2Kv9xEn8Irewt1gW6y', '153, Blanchard', 'Paris', 'D3F1H2', 'ER', 'Suisse', '(447)3877733585', 1, 1, 3, NULL, '2016-12-21 18:05:00', '2016-12-21 18:05:00'),
(43, 'Adam38', 'Lea', 'Lafrance', 'EdouardMorin38@gmail.jobs', '$2y$10$asL.GNM2BT7JX7fa.GTuce25L3EK6.50NV64/K/c6PU.35K2EBQl6', '36, Blanchard', 'Sherbrooke', 'D3V1U8', 'JG', 'Serbie', '(782)1381633592', 1, 1, 3, NULL, '2016-12-21 18:05:00', '2016-12-21 18:05:00'),
(44, 'Julien39', 'Roger', 'Rivest', 'SarahGagnon39@yahoo.org', '$2y$10$a3LjI2vvGbJJw6PGnlJqTOjeMiyJlqV4cQFkfIJjTNS3iGZ2WviYe', '13, Queen', 'Montreal', 'G3I5X4', 'OE', 'France', '(132)8486699518', 1, 1, 4, NULL, '2016-12-21 18:05:00', '2016-12-21 18:05:00'),
(45, 'Julien40', 'John', 'Nolet', 'RollanRanger40@hotmail.cat', '$2y$10$jT3mTuEjv4zvs40jtuyQnuusxLMaojaZWkfX1eDzDnP3TUUeQIMPq', '154, Galvin', 'Montreal', 'S5I9L9', 'OH', 'Allemagne', '(570)9297724593', 0, 1, 2, NULL, '2016-12-21 18:05:00', '2016-12-21 18:05:00'),
(46, 'Alice41', 'Rollan', 'Roy', 'MalikGagnon41@gmail.tel', '$2y$10$EFWcyY6xROh9c.fquqjjl.z8C7EvBLDX2C1BIwlz6lMymzi7UNFoa', '166, Queen', 'Jakarta', 'P8E1S8', 'LH', 'Thaïlande', '(092)0942761148', 1, 1, 3, NULL, '2016-12-21 18:05:00', '2016-12-21 18:05:00'),
(47, 'Joël42', 'Clara', 'Gagne', 'PaulSauve42@gmail.fr', '$2y$10$PzqVvcq7N7YGyLE6l8CxOOcGD9LRae.IZS/Q4RA3DEqd9M3ucGRIi', '109, King Est', 'Washington', 'U6T8H4', 'EK', 'Liban', '(504)0681134901', 0, 1, 4, NULL, '2016-12-21 18:05:00', '2016-12-21 18:05:00'),
(48, 'Rene43', 'Rene', 'Barbeau', 'SimonGagnon43@outlook.gov', '$2y$10$ZeQ4oq.vgTgZtuhJV/YTR.gxKcPGJ8WEu0PvhXy7DxUSThCEKQ98C', '154, Blv Universite', 'Le Caire', 'Q2A8R2', 'NI', 'Bresil', '(444)7919242289', 1, 1, 2, NULL, '2016-12-21 18:05:00', '2016-12-21 18:05:00'),
(49, 'Amelia44', 'Rollan', 'Trump', 'CharlesBarbeau44@outlook.ca', '$2y$10$2C6TnGOwmlu2yoxuQo1p2O./xKGRhEglsHwyQlJ9j9VNR7ql9UMwi', '158, Blanchard', 'Montreal', 'Q6B3C4', 'QS', 'Liban', '(561)9993271290', 0, 1, 3, NULL, '2016-12-21 18:05:00', '2016-12-21 18:05:00'),
(50, 'Rene45', 'Victor', 'Gagne', 'IsaacGouin45@hotmail.com', '$2y$10$igpCtaiiRL7iqpcRuCHf0OTjRCE7G2DwsI3c/TwwJQyOTJWTSCVPO', '185, Jacques Cartier', 'Montreal', 'I8O9G4', 'ZD', 'France', '(762)5516398173', 0, 1, 2, NULL, '2016-12-21 18:05:00', '2016-12-21 18:05:00'),
(51, 'Isaac46', 'Alex', 'Tremblay', 'ClaraLagace46@yahoo.pro', '$2y$10$rAjl1X.Xf/E/SwJX03HW6ucp4FXWjyu/dt7EM4K96NOY96W2Og0Fi', '79, Blanchard', 'Dakar', 'X8T4B1', 'YT', 'Canada', '(902)9949671597', 1, 1, 2, NULL, '2016-12-21 18:05:00', '2016-12-21 18:05:00'),
(52, 'Adam47', 'Roger', 'Caron', 'JulienBarbeau47@yahoo.org', '$2y$10$fvLHJ6lFl5gshoeQjglGWONkNYFVdKwFMisqc3Jy9q/rDPwbqIeca', '181, Jacques Cartier', 'Berlin', 'C8A3L1', 'QB', 'Allemagne', '(265)4436413716', 1, 1, 3, NULL, '2016-12-21 18:05:00', '2016-12-21 18:05:00'),
(53, 'Malic48', 'Aurelie', 'Sauve', 'SarahChan48@hotmail.info', '$2y$10$sutwlsklorAgQA4FqqvB3eD5GWFoXYwu97asM8bQTGfMl0ZA.cDry', '130, Blanchard', 'Dakar', 'W9U8Y5', 'PQ', 'Canada', '(522)8961504567', 0, 1, 4, NULL, '2016-12-21 18:05:00', '2016-12-21 18:05:00'),
(54, 'Bob49', 'Michael', 'Tremblay', 'CatherineCote49@outlook.pro', '$2y$10$46sYOdWyEoTNhJ4zS23s3OcJpi4agFA0wXkO1uYEH636Fjzjl45Qe', '160, Victoria', 'Berlin', 'A8D3R4', 'PX', 'Belgique', '(426)7577582249', 1, 1, 3, NULL, '2016-12-21 18:05:00', '2016-12-21 18:05:00');

-- --------------------------------------------------------

--
-- Table structure for table `user_types`
--

CREATE TABLE `user_types` (
  `id` int(10) UNSIGNED NOT NULL,
  `name_fr` varchar(255) COLLATE utf8_unicode_ci NOT NULL,
  `name_en` varchar(255) COLLATE utf8_unicode_ci NOT NULL,
  `created_at` timestamp NULL DEFAULT NULL,
  `updated_at` timestamp NULL DEFAULT NULL
) ENGINE=InnoDB DEFAULT CHARSET=utf8 COLLATE=utf8_unicode_ci;

--
-- Dumping data for table `user_types`
--

INSERT INTO `user_types` (`id`, `name_fr`, `name_en`, `created_at`, `updated_at`) VALUES
(1, 'Administrateur', 'Administrator', '2016-12-21 18:05:00', '2016-12-21 18:05:00'),
(2, 'Employé +', 'Employee +', '2016-12-21 18:05:00', '2016-12-21 18:05:00'),
(3, 'Employé', 'Employee', '2016-12-21 18:05:00', '2016-12-21 18:05:00'),
(4, 'Client', 'Client', '2016-12-21 18:05:00', '2016-12-21 18:05:00');

--
-- Indexes for dumped tables
--

--
-- Indexes for table `cards`
--
ALTER TABLE `cards`
  ADD PRIMARY KEY (`id`),
  ADD KEY `cards_card_type_id_foreign` (`card_type_id`),
  ADD KEY `cards_collection_id_foreign` (`collection_id`);

--
-- Indexes for table `card_associations`
--
ALTER TABLE `card_associations`
  ADD PRIMARY KEY (`id`),
  ADD KEY `card_associations_card_id_foreign` (`card_id`),
  ADD KEY `card_associations_card_attribute_id_foreign` (`card_attribute_id`);

--
-- Indexes for table `card_attributes`
--
ALTER TABLE `card_attributes`
  ADD PRIMARY KEY (`id`),
  ADD UNIQUE KEY `card_attributes_name_fr_unique` (`name_fr`),
  ADD UNIQUE KEY `card_attributes_name_en_unique` (`name_en`);

--
-- Indexes for table `card_attribute_types`
--
ALTER TABLE `card_attribute_types`
  ADD PRIMARY KEY (`id`),
  ADD KEY `card_attribute_types_card_type_id_foreign` (`card_type_id`),
  ADD KEY `card_attribute_types_card_attribute_id_foreign` (`card_attribute_id`);

--
-- Indexes for table `card_types`
--
ALTER TABLE `card_types`
  ADD PRIMARY KEY (`id`);

--
-- Indexes for table `collections`
--
ALTER TABLE `collections`
  ADD PRIMARY KEY (`id`);

--
-- Indexes for table `documents`
--
ALTER TABLE `documents`
  ADD PRIMARY KEY (`id`),
  ADD KEY `documents_card_id_foreign` (`card_id`);

--
-- Indexes for table `document_downloads`
--
ALTER TABLE `document_downloads`
  ADD PRIMARY KEY (`id`),
  ADD KEY `document_downloads_user_id_foreign` (`user_id`),
  ADD KEY `document_downloads_document_id_foreign` (`document_id`);

--
-- Indexes for table `external_parameters`
--
ALTER TABLE `external_parameters`
  ADD PRIMARY KEY (`id`);

--
-- Indexes for table `licence_attributes`
--
ALTER TABLE `licence_attributes`
  ADD PRIMARY KEY (`id`),
  ADD UNIQUE KEY `licence_attributes_name_fr_unique` (`name_fr`),
  ADD UNIQUE KEY `licence_attributes_name_en_unique` (`name_en`);

--
-- Indexes for table `licence_attributes_types`
--
ALTER TABLE `licence_attributes_types`
  ADD PRIMARY KEY (`id`),
  ADD KEY `licence_attributes_types_licence_type_id_foreign` (`licence_type_id`),
  ADD KEY `licence_attributes_types_licence_attribute_id_foreign` (`licence_attribute_id`);

--
-- Indexes for table `licence_fees`
--
ALTER TABLE `licence_fees`
  ADD PRIMARY KEY (`id`);

--
-- Indexes for table `licence_owners`
--
ALTER TABLE `licence_owners`
  ADD PRIMARY KEY (`id`);

--
-- Indexes for table `licence_responses`
--
ALTER TABLE `licence_responses`
  ADD PRIMARY KEY (`id`),
  ADD KEY `licence_responses_transaction_id_foreign` (`transaction_id`),
  ADD KEY `licence_responses_licence_attribute_id_foreign` (`licence_attribute_id`);

--
-- Indexes for table `licence_types`
--
ALTER TABLE `licence_types`
  ADD PRIMARY KEY (`id`);

--
-- Indexes for table `licence_versions`
--
ALTER TABLE `licence_versions`
  ADD PRIMARY KEY (`id`);

--
-- Indexes for table `password_resets`
--
ALTER TABLE `password_resets`
  ADD KEY `password_resets_email_index` (`email`),
  ADD KEY `password_resets_token_index` (`token`);

--
-- Indexes for table `search_history`
--
ALTER TABLE `search_history`
  ADD PRIMARY KEY (`id`),
  ADD KEY `search_history_user_id_foreign` (`user_id`);

--
-- Indexes for table `transactions`
--
ALTER TABLE `transactions`
  ADD PRIMARY KEY (`id`),
  ADD KEY `transactions_user_id_foreign` (`user_id`),
  ADD KEY `transactions_licence_version_id_foreign` (`licence_version_id`),
  ADD KEY `transactions_licence_type_id_foreign` (`licence_type_id`),
  ADD KEY `transactions_licence_owner_id_foreign` (`licence_owner_id`),
  ADD KEY `transactions_licence_fee_id_foreign` (`licence_fee_id`);

--
-- Indexes for table `transactions_documents`
--
ALTER TABLE `transactions_documents`
  ADD PRIMARY KEY (`id`),
  ADD KEY `transactions_documents_document_id_foreign` (`document_id`),
  ADD KEY `transactions_documents_transaction_id_foreign` (`transaction_id`);

--
-- Indexes for table `users`
--
ALTER TABLE `users`
  ADD PRIMARY KEY (`id`),
  ADD UNIQUE KEY `users_username_unique` (`username`),
  ADD UNIQUE KEY `users_email_unique` (`email`),
  ADD KEY `users_user_type_id_foreign` (`user_type_id`);

--
-- Indexes for table `user_types`
--
ALTER TABLE `user_types`
  ADD PRIMARY KEY (`id`);

--
-- AUTO_INCREMENT for dumped tables
--

--
-- AUTO_INCREMENT for table `cards`
--
ALTER TABLE `cards`
  MODIFY `id` int(10) UNSIGNED NOT NULL AUTO_INCREMENT, AUTO_INCREMENT=101;
--
-- AUTO_INCREMENT for table `card_associations`
--
ALTER TABLE `card_associations`
  MODIFY `id` int(10) UNSIGNED NOT NULL AUTO_INCREMENT, AUTO_INCREMENT=1239;
--
-- AUTO_INCREMENT for table `card_attributes`
--
ALTER TABLE `card_attributes`
  MODIFY `id` int(10) UNSIGNED NOT NULL AUTO_INCREMENT, AUTO_INCREMENT=46;
--
-- AUTO_INCREMENT for table `card_attribute_types`
--
ALTER TABLE `card_attribute_types`
  MODIFY `id` int(10) UNSIGNED NOT NULL AUTO_INCREMENT, AUTO_INCREMENT=80;
--
-- AUTO_INCREMENT for table `card_types`
--
ALTER TABLE `card_types`
  MODIFY `id` int(10) UNSIGNED NOT NULL AUTO_INCREMENT, AUTO_INCREMENT=8;
--
-- AUTO_INCREMENT for table `collections`
--
ALTER TABLE `collections`
  MODIFY `id` int(10) UNSIGNED NOT NULL AUTO_INCREMENT, AUTO_INCREMENT=71;
--
-- AUTO_INCREMENT for table `documents`
--
ALTER TABLE `documents`
  MODIFY `id` int(10) UNSIGNED NOT NULL AUTO_INCREMENT, AUTO_INCREMENT=127;
--
-- AUTO_INCREMENT for table `document_downloads`
--
ALTER TABLE `document_downloads`
  MODIFY `id` int(10) UNSIGNED NOT NULL AUTO_INCREMENT, AUTO_INCREMENT=100;
--
-- AUTO_INCREMENT for table `external_parameters`
--
ALTER TABLE `external_parameters`
  MODIFY `id` int(10) UNSIGNED NOT NULL AUTO_INCREMENT, AUTO_INCREMENT=2;
--
-- AUTO_INCREMENT for table `licence_attributes`
--
ALTER TABLE `licence_attributes`
  MODIFY `id` int(10) UNSIGNED NOT NULL AUTO_INCREMENT, AUTO_INCREMENT=24;
--
-- AUTO_INCREMENT for table `licence_attributes_types`
--
ALTER TABLE `licence_attributes_types`
  MODIFY `id` int(10) UNSIGNED NOT NULL AUTO_INCREMENT, AUTO_INCREMENT=27;
--
-- AUTO_INCREMENT for table `licence_fees`
--
ALTER TABLE `licence_fees`
  MODIFY `id` int(10) UNSIGNED NOT NULL AUTO_INCREMENT, AUTO_INCREMENT=2;
--
-- AUTO_INCREMENT for table `licence_owners`
--
ALTER TABLE `licence_owners`
  MODIFY `id` int(10) UNSIGNED NOT NULL AUTO_INCREMENT, AUTO_INCREMENT=26;
--
-- AUTO_INCREMENT for table `licence_responses`
--
ALTER TABLE `licence_responses`
  MODIFY `id` int(10) UNSIGNED NOT NULL AUTO_INCREMENT, AUTO_INCREMENT=27;
--
-- AUTO_INCREMENT for table `licence_types`
--
ALTER TABLE `licence_types`
  MODIFY `id` int(10) UNSIGNED NOT NULL AUTO_INCREMENT, AUTO_INCREMENT=9;
--
-- AUTO_INCREMENT for table `licence_versions`
--
ALTER TABLE `licence_versions`
  MODIFY `id` int(10) UNSIGNED NOT NULL AUTO_INCREMENT, AUTO_INCREMENT=2;
--
-- AUTO_INCREMENT for table `search_history`
--
ALTER TABLE `search_history`
  MODIFY `id` int(10) UNSIGNED NOT NULL AUTO_INCREMENT, AUTO_INCREMENT=101;
--
-- AUTO_INCREMENT for table `transactions`
--
ALTER TABLE `transactions`
  MODIFY `id` int(10) UNSIGNED NOT NULL AUTO_INCREMENT, AUTO_INCREMENT=8;
--
-- AUTO_INCREMENT for table `transactions_documents`
--
ALTER TABLE `transactions_documents`
  MODIFY `id` int(10) UNSIGNED NOT NULL AUTO_INCREMENT, AUTO_INCREMENT=101;
--
-- AUTO_INCREMENT for table `users`
--
ALTER TABLE `users`
  MODIFY `id` int(10) UNSIGNED NOT NULL AUTO_INCREMENT, AUTO_INCREMENT=55;
--
-- AUTO_INCREMENT for table `user_types`
--
ALTER TABLE `user_types`
  MODIFY `id` int(10) UNSIGNED NOT NULL AUTO_INCREMENT, AUTO_INCREMENT=5;
--
-- Constraints for dumped tables
--

--
-- Constraints for table `cards`
--
ALTER TABLE `cards`
  ADD CONSTRAINT `cards_card_type_id_foreign` FOREIGN KEY (`card_type_id`) REFERENCES `card_types` (`id`),
  ADD CONSTRAINT `cards_collection_id_foreign` FOREIGN KEY (`collection_id`) REFERENCES `collections` (`id`);

--
-- Constraints for table `card_associations`
--
ALTER TABLE `card_associations`
  ADD CONSTRAINT `card_associations_card_attribute_id_foreign` FOREIGN KEY (`card_attribute_id`) REFERENCES `card_attributes` (`id`),
  ADD CONSTRAINT `card_associations_card_id_foreign` FOREIGN KEY (`card_id`) REFERENCES `cards` (`id`);

--
-- Constraints for table `card_attribute_types`
--
ALTER TABLE `card_attribute_types`
  ADD CONSTRAINT `card_attribute_types_card_attribute_id_foreign` FOREIGN KEY (`card_attribute_id`) REFERENCES `card_attributes` (`id`),
  ADD CONSTRAINT `card_attribute_types_card_type_id_foreign` FOREIGN KEY (`card_type_id`) REFERENCES `card_types` (`id`);

--
-- Constraints for table `documents`
--
ALTER TABLE `documents`
  ADD CONSTRAINT `documents_card_id_foreign` FOREIGN KEY (`card_id`) REFERENCES `cards` (`id`);

--
-- Constraints for table `document_downloads`
--
ALTER TABLE `document_downloads`
  ADD CONSTRAINT `document_downloads_document_id_foreign` FOREIGN KEY (`document_id`) REFERENCES `documents` (`id`),
  ADD CONSTRAINT `document_downloads_user_id_foreign` FOREIGN KEY (`user_id`) REFERENCES `users` (`id`);

--
-- Constraints for table `licence_attributes_types`
--
ALTER TABLE `licence_attributes_types`
  ADD CONSTRAINT `licence_attributes_types_licence_attribute_id_foreign` FOREIGN KEY (`licence_attribute_id`) REFERENCES `licence_attributes` (`id`),
  ADD CONSTRAINT `licence_attributes_types_licence_type_id_foreign` FOREIGN KEY (`licence_type_id`) REFERENCES `licence_types` (`id`);

--
-- Constraints for table `licence_responses`
--
ALTER TABLE `licence_responses`
  ADD CONSTRAINT `licence_responses_licence_attribute_id_foreign` FOREIGN KEY (`licence_attribute_id`) REFERENCES `licence_attributes` (`id`),
  ADD CONSTRAINT `licence_responses_transaction_id_foreign` FOREIGN KEY (`transaction_id`) REFERENCES `transactions` (`id`);

--
-- Constraints for table `search_history`
--
ALTER TABLE `search_history`
  ADD CONSTRAINT `search_history_user_id_foreign` FOREIGN KEY (`user_id`) REFERENCES `users` (`id`);

--
-- Constraints for table `transactions`
--
ALTER TABLE `transactions`
  ADD CONSTRAINT `transactions_licence_fee_id_foreign` FOREIGN KEY (`licence_fee_id`) REFERENCES `licence_fees` (`id`),
  ADD CONSTRAINT `transactions_licence_owner_id_foreign` FOREIGN KEY (`licence_owner_id`) REFERENCES `licence_owners` (`id`),
  ADD CONSTRAINT `transactions_licence_type_id_foreign` FOREIGN KEY (`licence_type_id`) REFERENCES `licence_types` (`id`),
  ADD CONSTRAINT `transactions_licence_version_id_foreign` FOREIGN KEY (`licence_version_id`) REFERENCES `licence_versions` (`id`),
  ADD CONSTRAINT `transactions_user_id_foreign` FOREIGN KEY (`user_id`) REFERENCES `users` (`id`);

--
-- Constraints for table `transactions_documents`
--
ALTER TABLE `transactions_documents`
  ADD CONSTRAINT `transactions_documents_document_id_foreign` FOREIGN KEY (`document_id`) REFERENCES `documents` (`id`),
  ADD CONSTRAINT `transactions_documents_transaction_id_foreign` FOREIGN KEY (`transaction_id`) REFERENCES `transactions` (`id`);

--
-- Constraints for table `users`
--
ALTER TABLE `users`
  ADD CONSTRAINT `users_user_type_id_foreign` FOREIGN KEY (`user_type_id`) REFERENCES `user_types` (`id`);

/*!40101 SET CHARACTER_SET_CLIENT=@OLD_CHARACTER_SET_CLIENT */;
/*!40101 SET CHARACTER_SET_RESULTS=@OLD_CHARACTER_SET_RESULTS */;
/*!40101 SET COLLATION_CONNECTION=@OLD_COLLATION_CONNECTION */;
